:020000040800F2
:10000000000001205D0F0008CD0A0008D50A000895
:10001000DD0A0008E50A0008ED0A000800000000FB
:10002000000000000000000000000000F50A0008C9
:10003000030B000800000000110B00081F0B000854
:10004000AD0F0008AD0F0008AD0F0008AD0F0008A0
:10005000AD0F0008AD0F0008AD0F0008AD0F000890
:10006000AD0F0008AD0F0008AD0F0008AD0F000880
:10007000AD0F0008AD0F0008AD0F0008AD0F000870
:10008000AD0F0008AD0F0008AD0F00080000000024
:10009000000000000000000000000000AD0F00089C
:1000A000AD0F0008AD0F00082D0B0008AD0F0008C4
:1000B000AD0F0008AD0F0008AD0F0008AD0F000830
:1000C000AD0F0008AD0F0008AD0F0008AD0F000820
:1000D000AD0F0008410B0008AD0F00080000000044
:1000E000AD0F0008AD0F0008AD0F000800000000C4
:1000F000000000000000000000000000AD0F00083C
:1001000000000000AD0F0008AD0F0008AD0F0008A3
:1001100000000000000000000000000000000000DF
:10012000AD0F0008AD0F0008AD0F0008AD0F0008BF
:10013000AD0F0008000000000000000000000000FB
:10014000000000000000000000000000AD0F0008EB
:10015000AD0F0008AD0F0008AD0F0008AD0F00088F
:10016000AD0F0008AD0F0008000000000000000007
:10017000000000000000000000000000000000007F
:1001800000000000550B0008000000000000000007
:04019000AD0F0008A7
:1001940010B5054C237833B9044B13B10448AFF3BD
:1001A40000800123237010BDF40C00200000000027
:1001B4005CB1000808B5034B1BB103490348AFF316
:1001C400008008BD00000000F80C00205CB10008AD
:1001D40053B94AB9002908BF00281CBF4FF0FF31AA
:1001E4004FF0FF3000F088B9ADF1080C6DE904CE92
:1001F40000F006F8DDF804E0DDE9022304B07047FE
:100204002DE9F047089D8E4604468846002B4AD1C6
:100214008A42174662D9B2FA82F64EB1C6F1200379
:1002240001FA06F820FA03F3B74043EA0808B44099
:100234004FEA174E1FFA87FCB8FBFEF1230C0EFBA6
:10024400118843EA084301FB0CF29A4209D9FB18CE
:1002540001F1FF3080F0EA809A4240F2E7800239EF
:100264003B449A1AA3B2B2FBFEF00EFB102243EAFF
:10027400024300FB0CFC9C4509D9FB1800F1FF323A
:1002840080F0D6809C4540F2D3803B44023840EA5B
:100294000140A3EB0C0300211DB1F3400022C5E98A
:1002A4000032BDE8F0878B4205D90DB1C5E90001E4
:1002B40000210846F5E7B3FA83F1002946D17345D6
:1002C40002D3824200F20581841A6EEB03020120FC
:1002D4009046002DE5D0C5E90048E2E7002A00F089
:1002E4009080B2FA82F6002E40F0A4808A1A030CA1
:1002F4004FEA174E80B2BCB20121B2FBFEFC0EFBEA
:100304001C2243EA024304FB0CF29A4207D9FB186D
:100314000CF1FF3802D29A4200F2E080C4469B1AE4
:10032400B3FBFEF20EFB123340EA034302FB04F478
:100334009C4207D9FB1802F1FF3002D29C4200F222
:10034400CA8002461B1B42EA0C40A5E7C1F1200605
:100354008B4022FA06F71F430EFA01F420FA06F343
:100364002EFA06FE4FEA1749234300FA01F81FFA52
:1003740087FCBEFBF9F01C0C09FB10EE44EA0E44AA
:1003840000FB0CFEA64502FA01F209D93C1900F162
:10039400FF3A80F09C80A64540F2998002383C44A4
:1003A400A4EB0E041FFA83FEB4FBF9F309FB134418
:1003B4004EEA044403FB0CFCA44508D93C1903F1A0
:1003C400FF3E80F08280A4457FD9023B3C4443EA4F
:1003D4000040A4EB0C04A0FB02EC64457346E14628
:1003E40062D35FD05DB1B8EB030264EB090404FA95
:1003F40006F622FA01F31E43CC40C5E9006400214D
:100404004FE7B1FBF2FC010C41EA0E4180B240EA35
:1004140001423B4638463C46B846BE462026B1FB20
:10042400F7F1A2EB080241EA0C4166E7014618E73E
:1004340010462CE7C6F120022EFA02F3B740B14071
:1004440020FA02F24FEA174E0A43B3FBFEF8BCB29D
:100454000EFB1833110C41EA034108FB04F9B040C8
:1004640089454FEA104380B23ED9791808F1FF3C20
:1004740001D289451FD8A1EB0901B1FBFEF909FBA3
:1004840004F80EFB191192B242EA0142424529D204
:10049400BA1809F1FF31C4D24245C2D2A9F102010E
:1004A4003A44BEE7F0459DD2BEEB02036CEB070C69
:1004B4000138E14696E7A7EB09094944A8F1020C83
:1004C400B1FBFEF909FB04F8DBE773467FE750460E
:1004D40066E70846FDE63B44023A33E7ACF1020C1A
:1004E4003B441CE749469CE7A1EB0901C446B1FB28
:1004F400FEF909FB04F8C4E7704700BF80B500AFFC
:10050400064B074A1A60054800F0D3FE0346002B49
:1005140001D000F0A5FA00BF80BD00BF100D00207F
:100524000030024080B485B000AF78607B681B68FF
:100534000B4A93420DD10023FB600A4B1B6B094A03
:1005440043F480531363074B1B6B03F48053FB602A
:10055400FB6800BF1437BD465DF8047B704700BFDD
:10056400003002400038024080B586B000AF3B1D29
:1005740000221A605A609A60DA601A6100233B60B4
:100584000D4B1B6B0C4A43F0010313630A4B1B6BAB
:1005940003F001033B603B6801237B600023BB60E5
:1005A4000123FB603B1D1946044800F031FF00BFE6
:1005B4001837BD4680BD00BF00380240000002402D
:1005C40080B483B000AF7860044B01221A7000BF7E
:1005D4000C37BD465DF8047B704700BF990D0020C1
:1005E40080B500AF00F03CF800F054F800BF80BDC7
:1005F40080B500AF164B1B78622B0CD8144B1B78BC
:100604005A1CD1B2124A11701A46124B93F90010B7
:10061400114B99541AE00E4B1B78632B0ED10F4BE0
:10062400632219460C480AF0C2FB094B1B781A4690
:10063400084B93F90010084B995407E064220021F9
:1006440005480AF0CEFB024B00221A7000BF80BDA1
:10065400980D00209A0D0020180D0020190D00207F
:1006640080B500AF0121094801F056F80346012B7B
:1006740002D16FF07F0200E07F22054B1A70FFF772
:10068400B7FF034B00221A7000BF80BD0000024078
:100694009A0D002080B582B000AF164B1B68002B6A
:1006A40025D0154B1B78632B21D1144B144A5A6067
:1006B400144B154A5A600F4B1B68124A0F491846CF
:1006C40003F0F8FB78607B68012B0ED0094B1B68A4
:1006D400184603F0DFFA03463B604FF0FF330F2266
:1006E4000A490B4802F07EF901E000F013F80837DC
:1006F400BD4680BD9C0D0020980D0020A00D00205B
:10070400180D0020BC0D00207C0D002080B10008D5
:100714000C2F002080B584B000AF8023FB7300232E
:10072400BB6000237B6012E03F4A7B68134493F96B
:10073400003097F90F209A4206DA3B4A7B6813444B
:100744001B78FB737B68BB607B6801337B607B68D1
:100754001B2BE9DD97F90F304B2B60DDBB68002BB9
:100764005DD04FF0FF3313223049314802F03AF99B
:10077400BB68304A99184FF0FF3301222C4802F02D
:1007840031F94FF0FF3302222B49294802F02AF9AC
:100794004FF0FF330E222949254802F023F90023A4
:1007A400FB702AE00023BB70FB78254AD356002B4C
:1007B40002D14E23BB700FE0FB78214AD35613F1CC
:1007C400800F02D14423BB7006E0FB781C4AD35649
:1007D4007F2B01D15523BB70B91C4FF0FF3301228D
:1007E400134802F0FFF84FF0FF3301221549104877
:1007F40002F0F8F8FB780133FB70FB78632BD1D956
:100804004FF0FF3302220C49094802F0EBF864224E
:1008140000210B480AF0E5FA0B4B00221A7000BFC6
:100824001037BD4680BD00BF7C0D002090B100088C
:100834000C2F002038B20008A4B10008A8B10008A9
:10084400180D0020B8B10008980D0020B0B582B092
:1008540000AF00F0ABFB00F087F8FFF785FEFFF771
:100864004DFE00F0A1FA00F0C9FA00F023FA4FF0AF
:10087400FF331F223049314802F0B4F8304B1B6873
:1008840098680023022200210AF09AF92D4B7B601C
:100894003B1D002219462C4803F01EFA03463B6018
:1008A4003B78002B08D04FF0FF3310222749234810
:1008B40002F098F800F0D4F8234B1B680021184686
:1008C40003F088FA0346224A14461D460FCD0FC48E
:1008D40095E8070084E807001B4B1B6800211846B5
:1008E40003F092FA03461B4A14461D460FCD0FC46B
:1008F40095E8070084E8070064226FF07F0116483A
:100904000AF06FFA154801F0C7FB0346002B01D02B
:1009140000F0A6F84FF0FF3316221149074802F001
:1009240061F8104B1B78012BFBD1FFF759FE0D4BDF
:1009340000221A70F5E700BFBCB100080C2F00209C
:10094400A40C0020D80D00209C0D0020DCB1000870
:10095400A00D0020BC0D0020180D00207C2E0020CE
:10096400F0B10008990D002080B594B000AF07F1F4
:1009740020033022002118460AF033FA07F10C0351
:1009840000221A605A609A60DA601A610023BB6020
:10099400284B1B6C274A43F080531364254B1B6C74
:1009A40003F08053BB60BB6800237B60224B1B6851
:1009B40023F44043204A43F4004313601E4B1B6856
:1009C40003F440437B607B6802233B620123FB62A8
:1009D40010233B630223BB630023FB6308233B64B4
:1009E40054237B640223BB640723FB6407F12003C5
:1009F400184600F0A9FE0346002B01D000F030F8A1
:100A04000F23FB6002233B6100237B614FF480537F
:100A1400BB610023FB6107F10C030221184601F0BE
:100A24000BF90346002B01D000F01AF800BF503731
:100A3400BD4680BD003802400070004080B582B0E1
:100A440000AF7860391D4FF0FF330122034801F0F5
:100A5400C9FF7B6818460837BD4680BD0C2F0020AF
:100A640080B400AF72B600BF00BFFDE780B582B0AE
:100A740000AF00237B60134B5B6C124A43F480434A
:100A84005364104B5B6C03F480437B607B680023EE
:100A94003B600C4B1B6C0B4A43F080531364094BB3
:100AA4001B6C03F080533B603B6800220021512003
:100AB40000F0C9FB512000F0E2FB00BF0837BD463F
:100AC40080BD00BF0038024080B400AF00BFFDE726
:100AD40080B400AF00BFFDE780B400AF00BFFDE706
:100AE40080B400AF00BFFDE780B400AF00BFFDE7F6
:100AF40080B400AF00BFBD465DF8047B704780B48E
:100B040000AF00BFBD465DF8047B704780B400AF02
:100B140000BFBD465DF8047B704780B500AF00F0B0
:100B240097FA00BF80BD000080B500AF024801F015
:100B34006EFB00BF80BD00BF7C2E002080B500AFDF
:100B4400024801F0DBFF00BF80BD00BFC42E0020BF
:100B540080B400AF00BFBD465DF8047B704780B52C
:100B640086B000AFF860B9607A6000237B610AE068
:100B7400AFF300800146BB685A1CBA60CAB21A704F
:100B84007B6901337B617A697B689A42F0DB7B681D
:100B940018461837BD4680BD80B586B000AFF860F2
:100BA400B9607A6000237B6109E0BB685A1CBA60B3
:100BB4001B781846FFF742FF7B6901337B617A6932
:100BC4007B689A42F1DB7B6818461837BD4680BDC6
:100BD40080B483B000AF78604FF0FF3318460C3711
:100BE400BD465DF8047B704780B483B000AF786085
:100BF40039603B684FF400525A60002318460C37A2
:100C0400BD465DF8047B704780B485B000AFF860E2
:100C1400B9607A60002318461437BD465DF8047B3A
:100C24007047000080B586B000AF7860144A154B59
:100C3400D31A7B617B693B61134B1B68002B02D188
:100C4400114B124A1A60104B1A687B6813443A69B4
:100C54009A4207D20AF024F903460C221A604FF094
:100C6400FF3309E0084B1B68FB60074B1A687B687D
:100C74001344054A1360FB6818461837BD4680BD07
:100C84000000012000080000782E002078310020A8
:100C940080B400AF064BD3F88830054A43F47003A0
:100CA400C2F8883000BFBD465DF8047B704700BFC2
:100CB40000ED00E080B588B000AF3B1D00221A6053
:100CC4005A609A60DA601A615A619A61204B214A2B
:100CD4001A601F4B53225A601D4B00229A601C4B12
:100CE4004CF24F32DA601A4B00221A61184B802200
:100CF4009A61174801F080F90346002B01D0FFF7F1
:100D0400AFFE134801F02AFA0346002B01D0FFF787
:100D1400A7FE00237B600023BB600023FB6000234D
:100D24007B613B1D00221946094801F061FB034623
:100D3400002B01D0FFF794FE054B1B689A69044B06
:100D44001B6842F008029A6100BF2037BD4680BD8F
:100D54007C2E00200048014080B584B000AF78604C
:100D64007B681B680E4A934215D10023FB600D4B30
:100D74005B6C0C4A43F4802353640A4B5B6C03F4AE
:100D84008023FB60FB68002200211A2000F05BFA3C
:100D94001A2000F074FA00BF1037BD4680BD00BFB2
:100DA400004801400038024080B500AF114B124AA0
:100DB4001A60104B4FF4E1325A600E4B00229A60D5
:100DC4000C4B0022DA600B4B00221A61094B0C22F7
:100DD4005A61084B00229A61064B0022DA610548E9
:100DE40001F0B0FD0346002B01D0FFF739FE00BF30
:100DF40080BD00BFC42E00200010014080B500AFAC
:100E0400114B124A1A60104B4FF4E1325A600E4BE8
:100E140000229A600C4B0022DA600B4B00221A610C
:100E2400094B0C225A61084B00229A61064B00229E
:100E3400DA61054801F086FD0346002B01D0FFF777
:100E44000FFE00BF80BD00BF0C2F002000440040F7
:100E540080B58CB000AF786007F11C0300221A60E3
:100E64005A609A60DA601A617B681B68364A93425A
:100E740035D10023BB61354B5B6C344A43F010031E
:100E84005364324B5B6C03F01003BB61BB690023FA
:100E94007B612E4B1B6B2D4A43F0010313632B4BD9
:100EA4001B6B03F001037B617B694FF4C063FB613F
:100EB40002233B6200237B620323BB620723FB62A2
:100EC40007F11C031946224800F0A2FA002200216F
:100ED400252000F0B8F9252000F0D1F930E07B6836
:100EE4001B681C4A93422BD100233B61174B1B6C9C
:100EF400164A43F400331364144B1B6C03F400339D
:100F04003B613B690023FB60104B1B6B0F4A43F0B2
:100F1400010313630D4B1B6B03F00103FB60FB68C0
:100F24000C23FB6102233B6200237B620323BB622D
:100F34000723FB6207F11C031946054800F068FA11
:100F440000BF3037BD4680BD00100140003802406C
:100F54000000024000440040DFF834D0FFF798FE60
:100F64000C480D490D4A002302E0D458C450043300
:100F7400C4188C42F9D30A4A0A4C002301E01360D6
:100F84000432A242FBD309F091FFFFF75FFC7047E4
:100F94000000012000000020F40C0020D0C900084B
:100FA400F40C002078310020FEE7000080B500AF8B
:100FB4000E4B1B680D4A43F4007313600B4B1B6804
:100FC4000A4A43F480631360084B1B68074A43F4DE
:100FD40080731360032000F02BF90F2000F008F851
:100FE400FFF744FD0023184680BD00BF003C0240CB
:100FF40080B582B000AF7860124B1A68124B1B7830
:1010040019464FF47A73B3FBF1F3B2FBF3F31846CA
:1010140000F043F90346002B01D001230EE07B6866
:101024000F2B0AD8002279684FF0FF3000F00BF93B
:10103400064A7B681360002300E001231846083742
:10104400BD4680BD000000200800002004000020F0
:1010540080B400AF064B1B781A46064B1B6813443A
:10106400044A136000BFBD465DF8047B704700BFAF
:1010740008000020542F002080B400AF034B1B68ED
:101084001846BD465DF8047B704700BF542F00200E
:1010940080B485B000AF78607B6803F00703FB6021
:1010A4000C4BDB68BB60BA684FF6FF031340BB60B0
:1010B400FB681A02BB68134343F0BF6343F4003375
:1010C400BB60044ABB68D36000BF1437BD465DF8FB
:1010D400047B704700ED00E080B400AF044BDB6894
:1010E4001B0A03F007031846BD465DF8047B7047EE
:1010F40000ED00E080B483B000AF0346FB7197F9C4
:101104000730002B0BDBFB7903F01F02074997F92B
:1011140007305B09012000FA02F241F8232000BFE6
:101124000C37BD465DF8047B704700BF00E100E06A
:1011340080B483B000AF03463960FB7197F9073080
:10114400002B0ADB3B68DAB20C4997F9073012012D
:10115400D2B20B4483F800230AE03B68DAB20849B0
:10116400FB7903F00F03043B1201D2B20B441A764D
:1011740000BF0C37BD465DF8047B704700E100E01A
:1011840000ED00E080B489B000AFF860B9607A6027
:10119400FB6803F00703FB61FB69C3F10703042B3E
:1011A40028BF0423BB61FB690433062B02D9FB6906
:1011B400033B00E000237B614FF0FF32BB6902FA7E
:1011C40003F3DA43BB681A407B699A404FF0FF315E
:1011D4007B6901FA03F3D9437B680B401343184638
:1011E4002437BD465DF8047B7047000080B582B0AB
:1011F40000AF78607B68013BB3F1807F01D30123AA
:101204000FE00A4A7B68013B53600F214FF0FF3027
:10121400FFF78EFF054B00229A60044B07221A60E9
:10122400002318460837BD4680BD00BF10E000E02B
:1012340080B582B000AF78607868FFF729FF00BFFF
:101244000837BD4680BD80B586B000AF0346B9609F
:101254007A60FB7300237B61FFF73EFF78617A6855
:10126400B9687869FFF78EFF024697F90F30114687
:101274001846FFF75DFF00BF1837BD4680BD80B537
:1012840082B000AF0346FB7197F907301846FFF7A9
:1012940031FF00BF0837BD4680BD80B582B000AFC6
:1012A40078607868FFF7A2FF034618460837BD4602
:1012B40080BD80B582B000AF78607B68002B01D11F
:1012C40001230EE07B685B79DBB2002B05D17B68E0
:1012D40000221A717868FFF725F97B6801225A7198
:1012E400002318460837BD4680BD80B584B000AFE2
:1012F40078607B689B6DFB60FFF7BEFEB8607B681F
:1013040093F83530DBB2022B08D07B6880225A6513
:101314007B68002283F83420012352E07B681B6839
:101324001A687B681B6822F016021A607B681B68C7
:101334005A697B681B6822F080025A617B681B6CC7
:10134400002B03D17B689B6C002B07D07B681B6848
:101354001A687B681B6822F008021A607B681B68A5
:101364001A687B681B6822F001021A6013E0FFF719
:1013740083FE0246BB68D31A052B0CD97B68202256
:101384005A657B68032283F835207B68002283F842
:101394003420032315E07B681B681B6803F00103FA
:1013A400002BE4D17B68DB6D3F229A40FB689A6096
:1013B4007B68012283F835207B68002283F834207F
:1013C400002318461037BD4680BD80B483B000AFFB
:1013D40078607B6893F83530DBB2022B04D07B68ED
:1013E40080225A6501230CE07B68052283F83520AE
:1013F4007B681B681A687B681B6822F001021A600C
:10140400002318460C37BD465DF8047B7047000086
:1014140080B489B000AF7860396000237B61002319
:101424003B610023BB610023FB6159E10122FB699D
:1014340002FA03F37B613B681B687A6913403B61E2
:101444003A697B699A4240F048813B685B6803F0E3
:101454000303012B05D03B685B6803F00303022BF5
:1014640030D17B689B68BB61FB695B00032202FA95
:1014740003F3DB43BA691340BB613B68DA68FB6979
:101484005B0002FA03F3BA691343BB617B68BA6970
:101494009A607B685B68BB610122FB6902FA03F313
:1014A400DB43BA691340BB613B685B681B0903F00B
:1014B4000102FB6902FA03F3BA691343BB617B6857
:1014C400BA695A603B685B6803F00303032B17D0C7
:1014D4007B68DB68BB61FB695B00032202FA03F3F0
:1014E400DB43BA691340BB613B689A68FB695B00E4
:1014F40002FA03F3BA691343BB617B68BA69DA6021
:101504003B685B6803F00303022B23D1FB69DA0811
:101514007B68083253F82230BB61FB6903F0070390
:101524009B000F2202FA03F3DB43BA691340BB6149
:101534003B681A69FB6903F007039B0002FA03F393
:10154400BA691343BB61FB69DA087B680832B9697D
:1015540043F822107B681B68BB61FB695B000322B4
:1015640002FA03F3DB43BA691340BB613B685B686F
:1015740003F00302FB695B0002FA03F3BA69134345
:10158400BB617B68BA691A603B685B6803F44033EB
:10159400002B00F0A2800023FB60574B5B6C564A83
:1015A40043F480435364544B5B6C03F48043FB600B
:1015B400FB68524AFB699B08023352F82330BB6133
:1015C400FB6903F003039B000F2202FA03F3DB43DE
:1015D400BA691340BB617B68494A934219D07B685E
:1015E400484A934213D07B68474A93420DD07B68A4
:1015F400464A934207D07B68454A934201D104236B
:1016040008E0072306E0032304E0022302E00123A9
:1016140000E00023FA6902F0030292009340BA69E1
:101624001343BB613549FB699B080233BA6941F82E
:101634002320384B9B68BB613B69DB43BA69134089
:10164400BB613B685B6803F48013002B03D0BA6969
:101654003B691343BB612F4ABB6993602D4BDB6825
:10166400BB613B69DB43BA691340BB613B685B68A0
:1016740003F40013002B03D0BA693B691343BB6125
:10168400244ABB69D360234B5B68BB613B69DB4382
:10169400BA691340BB613B685B6803F40033002BF9
:1016A40003D0BA693B691343BB611A4ABB695360EF
:1016B400184B1B68BB613B69DB43BA691340BB61D0
:1016C4003B685B6803F48033002B03D0BA693B6941
:1016D4001343BB610F4ABB691360FB690133FB61B0
:1016E400FB690F2B7FF6A2AE00BF00BF2437BD46B7
:1016F4005DF8047B704700BF0038024000380140A9
:10170400000002400004024000080240000C0240B5
:1017140000100240003C014080B485B000AF786006
:101724000B467B807B681A697B881340002B02D0B0
:101734000123FB7301E00023FB73FB7B1846143782
:10174400BD465DF8047B704780B586B000AF786015
:101754007B68002B01D1012367E27B681B6803F0DF
:101764000103002B75D0884B9B6803F00C03042BFA
:101774000CD0854B9B6803F00C03082B12D1824BD1
:101784005B6803F48003B3F5800F0BD17E4B1B68B9
:1017940003F40033002B5BD07B685B68002B57D1CC
:1017A400012342E27B685B68B3F5803F06D1764B48
:1017B4001B68754A43F4803313601DE07B685B68E3
:1017C400B3F5A02F0CD1704B1B686F4A43F48023F0
:1017D40013606D4B1B686C4A43F4803313600BE059
:1017E400694B1B68684A23F480331360664B1B689B
:1017F400654A23F4802313607B685B68002B13D055
:10180400FFF73AFC386108E0FFF736FC02463B6913
:10181400D31A642B01D9032307E25B4B1B6803F43F
:101824000033002BF0D014E0FFF726FC386108E009
:10183400FFF722FC02463B69D31A642B01D9032328
:10184400F3E1514B1B6803F40033002BF0D100E0AB
:1018540000BF7B681B6803F00203002B63D04A4B74
:101864009B6803F00C03002B0BD0474B9B6803F0E1
:101874000C03082B1CD1444B5B6803F48003002B3E
:1018840016D1414B1B6803F00203002B05D07B6883
:10189400DB68012B01D00123C7E13B4B1B6823F01C
:1018A400F8027B681B69DB00374913430B603AE09D
:1018B4007B68DB68002B20D0344B01221A60FFF7D1
:1018C400DBFB386108E0FFF7D7FB02463B69D31A1C
:1018D400022B01D90323A8E12B4B1B6803F002035D
:1018E400002BF0D0284B1B6823F0F8027B681B699F
:1018F400DB00254913430B6015E0244B00221A60DA
:10190400FFF7BAFB386108E0FFF7B6FB02463B6914
:10191400D31A022B01D9032387E11B4B1B6803F065
:101924000203002BF0D17B681B6803F00803002B33
:1019340036D07B685B69002B16D0154B01221A60E8
:10194400FFF79AFB386108E0FFF796FB02463B6914
:10195400D31A022B01D9032367E10B4B5B6F03F00E
:101964000203002BF0D01BE0094B00221A60FFF7A2
:1019740083FB38610EE0FFF77FFB02463B69D31A15
:10198400022B07D9032350E10038024000004742EC
:10199400800E4742884B5B6F03F00203002BEAD1B1
:1019A4007B681B6803F00403002B00F0978000237E
:1019B400FB75814B1B6C03F08053002B0FD100236C
:1019C400BB607D4B1B6C7C4A43F0805313647A4BA1
:1019D4001B6C03F08053BB60BB680123FB75774B22
:1019E4001B6803F48073002B18D1744B1B68734A73
:1019F40043F480731360FFF73FFB386108E0FFF79F
:101A04003BFB02463B69D31A022B01D903230CE1A9
:101A14006A4B1B6803F48073002BF0D07B689B68CF
:101A2400012B06D1644B1B6F634A43F00103136718
:101A34001CE07B689B68052B0CD15F4B1B6F5E4AD7
:101A440043F0040313675C4B1B6F5B4A43F00103D1
:101A540013670BE0584B1B6F574A23F001031367BE
:101A6400554B1B6F544A23F0040313677B689B6830
:101A7400002B15D0FFF700FB38610AE0FFF7FCFAF2
:101A840002463B69D31A41F28832934201D90323B7
:101A9400CBE0494B1B6F03F00203002BEED014E0A4
:101AA400FFF7EAFA38610AE0FFF7E6FA02463B6913
:101AB400D31A41F28832934201D90323B5E03E4B55
:101AC4001B6F03F00203002BEED1FB7D012B05D12C
:101AD400394B1B6C384A23F0805313647B689B6931
:101AE400002B00F0A180344B9B6803F00C03082BFF
:101AF4005CD07B689B69022B41D1314B00221A6078
:101B0400FFF7BAFA386108E0FFF7B6FA02463B6914
:101B1400D31A022B01D9032387E0274B1B6803F058
:101B24000073002BF0D17B68DA697B681B6A1A4367
:101B34007B685B6A9B011A437B689B6A5B08013B79
:101B44001B041A437B68DB6A1B061B4913434B6067
:101B54001B4B01221A60FFF78FFA386108E0FFF788
:101B64008BFA02463B69D31A022B01D903235CE0AA
:101B7400114B1B6803F00073002BF0D054E0104BA2
:101B840000221A60FFF778FA386108E0FFF774FA68
:101B940002463B69D31A022B01D9032345E0064BC5
:101BA4001B6803F00073002BF0D13DE07B689B6958
:101BB400012B07D1012338E00038024000700040B7
:101BC400600047421B4B5B68FB607B689B69012B91
:101BD40028D0FB6803F480027B68DB699A4221D138
:101BE400FB6803F03F027B681B6A9A421AD1FA68C9
:101BF40047F6C07313407A68526A9201934211D136
:101C0400FB6803F440327B689B6A5B08013B1B045E
:101C14009A4207D1FB6803F070627B68DB6A1B069B
:101C24009A4201D0012300E0002318461837BD462C
:101C340080BD00BF0038024080B584B000AF78603A
:101C440039607B68002B01D10123CCE0684B1B6811
:101C540003F007033A689A420CD9654B3A68D2B24A
:101C64001A70634B1B6803F007033A689A4201D069
:101C74000123B8E07B681B6803F00203002B20D02B
:101C84007B681B6803F00403002B05D0594B9B6849
:101C9400584A43F4E05393607B681B6803F00803DD
:101CA400002B05D0534B9B68524A43F46043936026
:101CB400504B9B6823F0F0027B689B684D491343AB
:101CC4008B607B681B6803F00103002B44D07B68A6
:101CD4005B68012B07D1474B1B6803F40033002BCF
:101CE40019D101237FE07B685B68022B03D07B68FA
:101CF4005B68032B07D13F4B1B6803F00073002B79
:101D040009D101236FE03B4B1B6803F00203002B56
:101D140001D1012367E0374B9B6823F003027B6802
:101D24005B68344913438B60FFF7A6F9F8600AE057
:101D3400FFF7A2F90246FB68D31A41F288329342B4
:101D440001D903234FE02B4B9B6803F00C027B6803
:101D54005B689B009A42EBD1254B1B6803F0070399
:101D64003A689A420CD2224B3A68D2B21A70204B8B
:101D74001B6803F007033A689A4201D0012332E05A
:101D84007B681B6803F00403002B08D0194B9B6885
:101D940023F4E0527B68DB68164913438B607B684D
:101DA4001B6803F00803002B09D0124B9B6823F433
:101DB40060427B681B69DB000E4913438B6000F0B3
:101DC40021F802460B4B9B681B0903F00F030A49D9
:101DD400CB5C22FA03F3094A1360094B1B681846CB
:101DE400FFF706F9002318461037BD4680BD00BF33
:101DF400003C02400038024058B2000800000020B5
:101E0400040000202DE9B04F90B000AF00237B63A5
:101E14000023FB6300233B630023BB63594B9B6894
:101E240003F00C03082B0DD0082B00F2A180002B2B
:101E340002D0042B03D09BE0534BBB639BE0534B7A
:101E4400BB6398E04F4B5B6803F03F037B634D4BF0
:101E54005B6803F48003002B28D04A4B5B689B0922
:101E640000223B627A623B6AC3F308000021474BBD
:101E740003FB01F2002300FB03F31344434AA0FBDA
:101E84000212FA620A46BA62FA6A1344FB627B6B74
:101E94000022BB61FA61D7E90623D7E90A01FEF7FC
:101EA40097F902460B461346FB6353E0354B5B68D8
:101EB4009B0900223B617A613B69C3F3080A4FF036
:101EC400000B52465B464FF000004FF000015901F1
:101ED40041EAD261500102460B46B2EB0A0863EBB9
:101EE4000B094FF000024FF000034FEA891343EA55
:101EF40098634FEA8812B2EB080463EB09054FF0CC
:101F040000024FF00003EB0043EA5473E20014466E
:101F14001D4614EB0A033B6045EB0B037B604FF05B
:101F240000024FF00003D7E9004529468B02214601
:101F340043EA915321468A02104619467B6B0022DC
:101F4400BB60FA60D7E90223FEF742F902460B466A
:101F54001346FB630B4B5B681B0C03F00303013359
:101F64005B003B63FA6B3B6BB2FBF3F3BB6302E0D6
:101F7400054BBB6300BFBB6B18464037BD46BDE88D
:101F8400B08F00BF003802400024F40040787D0187
:101F940080B400AF034B1B681846BD465DF8047B54
:101FA400704700BF0000002080B500AFFFF7F0FFCE
:101FB4000246054B9B689B0A03F007030349CB5C6D
:101FC40022FA03F3184680BD0038024068B20008C4
:101FD40080B500AFFFF7DCFF0246054B9B685B0B47
:101FE40003F007030349CB5C22FA03F3184680BDD0
:101FF4000038024068B2000880B582B000AF786053
:102004007B68002B01D1012341E07B6893F83D30CC
:10201400DBB2002B06D17B68002283F83C20786871
:10202400FEF79AFE7B68022283F83D207B681A68DB
:102034007B6804331946104600F05EFA7B6801227F
:1020440083F846207B68012283F83E207B680122C6
:1020540083F83F207B68012283F840207B680122BB
:1020640083F841207B68012283F842207B680122A7
:1020740083F843207B68012283F844207B68012293
:1020840083F845207B68012283F83D20002318460D
:102094000837BD4680BD000080B485B000AF7860CD
:1020A4007B6893F83D30DBB2012B01D0012344E07F
:1020B4007B68022283F83D207B681B68DA687B68B2
:1020C4001B6842F00102DA607B681B681E4A934277
:1020D40018D07B681B68B3F1804F13D07B681B68F2
:1020E4001A4A93420ED07B681B68194A934209D05E
:1020F4007B681B68174A934204D07B681B68164AA6
:10210400934211D17B681B689B6803F00703FB6053
:10211400FB68062B10D07B681B681A687B681B68F9
:1021240042F001021A6007E07B681B681A687B684A
:102134001B6842F001021A60002318461437BD469A
:102144005DF8047B704700BF0000014000040040BC
:1021540000080040000C00400040014080B582B0FF
:1021640000AF78607B68002B01D1012341E07B68DC
:1021740093F83D30DBB2002B06D17B68002283F854
:102184003C20786800F039F87B68022283F83D200F
:102194007B681A687B6804331946104600F0ACF972
:1021A4007B68012283F846207B68012283F83E2065
:1021B4007B68012283F83F207B68012283F840205A
:1021C4007B68012283F841207B68012283F8422046
:1021D4007B68012283F843207B68012283F8442032
:1021E4007B68012283F845207B68012283F83D2027
:1021F400002318460837BD4680BD80B483B000AFC5
:10220400786000BF0C37BD465DF8047B704780B52D
:1022140084B000AF78607B681B68DB68FB607B6818
:102224001B681B69BB60BB6803F00203002B20D052
:10223400FB6803F00203002B1BD07B681B686FF064
:1022440002021A617B6801221A777B681B689B690A
:1022540003F00303002B03D0786800F02FF905E0A6
:10226400786800F021F9786800F032F97B68002280
:102274001A77BB6803F00403002B20D0FB6803F03B
:102284000403002B1BD07B681B686FF004021A61E7
:102294007B6802221A777B681B689B6903F440738E
:1022A400002B03D0786800F009F905E0786800F0A5
:1022B400FBF8786800F00CF97B6800221A77BB6899
:1022C40003F00803002B20D0FB6803F00803002B65
:1022D4001BD07B681B686FF008021A617B680422BC
:1022E4001A777B681B68DB6903F00303002B03D0B8
:1022F400786800F0E3F805E0786800F0D5F87868CD
:1023040000F0E6F87B6800221A77BB6803F010033C
:10231400002B20D0FB6803F01003002B1BD07B683C
:102324001B686FF010021A617B6808221A777B68B9
:102334001B68DB6903F44073002B03D0786800F05A
:10234400BDF805E0786800F0AFF8786800F0C0F8F0
:102354007B6800221A77BB6803F00103002B0CD0C2
:10236400FB6803F00103002B07D07B681B686FF048
:1023740001021A617868FEF723F9BB6803F0800351
:10238400002B0CD0FB6803F08003002B07D07B6884
:102394001B686FF080021A61786800F0C9FABB68A4
:1023A40003F04003002B0CD0FB6803F04003002B28
:1023B40007D07B681B686FF040021A61786800F0F0
:1023C40091F8BB6803F02003002B0CD0FB6803F0EA
:1023D4002003002B07D07B681B686FF020021A6172
:1023E400786800F09BFA00BF1037BD4680BD00003E
:1023F40080B586B000AFF860B9607A600023FB75E1
:10240400FB6893F83C30012B01D1022348E0FB68C0
:10241400012283F83C207B680C2B39D801A252F8A6
:1024240023F000BF5D2400089524000895240008CB
:10243400952400086B2400089524000895240008BE
:1024440095240008792400089524000895240008A0
:102454009524000887240008FB681B68B96818469F
:1024640000F0D0F817E0FB681B68B968184600F064
:102474002FF910E0FB681B68B968184600F094F95E
:1024840009E0FB681B68B968184600F0F7F902E038
:102494000123FB7500BFFB68002283F83C20FB7D11
:1024A40018461837BD4680BD80B483B000AF78604D
:1024B40000BF0C37BD465DF8047B704780B483B021
:1024C40000AF786000BF0C37BD465DF8047B7047F1
:1024D40080B483B000AF786000BF0C37BD465DF8B0
:1024E400047B704780B483B000AF786000BF0C37C2
:1024F400BD465DF8047B704780B485B000AF78605A
:1025040039607B681B68FB607B68374A93420FD055
:102514007B68B3F1804F0BD07B68344A934207D079
:102524007B68334A934203D07B68324A934208D192
:10253400FB6823F07003FB603B685B68FA68134335
:10254400FB607B68284A93421BD07B68B3F1804FC1
:1025540017D07B68254A934213D07B68244A934260
:102564000FD07B68234A93420BD07B68224A934264
:1025740007D07B68214A934203D07B68204A934268
:1025840008D1FB6823F44073FB603B68DB68FA689E
:102594001343FB60FB6823F080023B685B691343D1
:1025A400FB603B689A687B68DA623B681A687B6800
:1025B4009A627B680C4A934203D13B681A697B6830
:1025C4001A637B681B6843F004027B681A607B68AB
:1025D40001225A617B68FA681A6000BF1437BD464D
:1025E4005DF8047B704700BF000001400004004018
:1025F40000080040000C004000400140004401403D
:102604000048014080B487B000AF786039607B68CF
:102614001B6A7B617B681B6A23F001027B681A6278
:102624007B685B683B617B689B69FB60FB6823F0AC
:102634007003FB60FB6823F00303FB603B681B68CB
:10264400FA681343FB607B6923F002037B613B68F8
:102654009B687A6913437B617B681C4A93420CD163
:102664007B6923F008037B613B68DB687A69134369
:102674007B617B6923F004037B617B68134A93428B
:1026840011D13B6923F480733B613B6923F40073EC
:102694003B613B685B693A6913433B613B689B69F7
:1026A4003A6913433B617B683A695A607B68FA680C
:1026B4009A613B685A687B685A637B687A691A62D4
:1026C40000BF1C37BD465DF8047B70470000014025
:1026D40080B487B000AF786039607B681B6A7B6127
:1026E4007B681B6A23F010027B681A627B685B6854
:1026F4003B617B689B69FB60FB6823F4E043FB6000
:10270400FB6823F44073FB603B681B681B02FA6898
:102714001343FB607B6923F020037B613B689B6868
:102724001B017A6913437B617B681E4A93420DD176
:102734007B6923F080037B613B68DB681B017A695A
:1027440013437B617B6923F040037B617B68154AFB
:10275400934213D13B6923F480633B613B6923F4C7
:1027640000633B613B685B699B003A6913433B61CF
:102774003B689B699B003A6913433B617B683A69F8
:102784005A607B68FA689A613B685A687B689A6306
:102794007B687A691A6200BF1C37BD465DF8047B0A
:1027A400704700BF0000014080B487B000AF78607C
:1027B40039607B681B6A7B617B681B6A23F48072C7
:1027C4007B681A627B685B683B617B68DB69FB60E2
:1027D400FB6823F07003FB60FB6823F00303FB60DA
:1027E4003B681B68FA681343FB607B6923F400733E
:1027F4007B613B689B681B027A6913437B617B683E
:102804001D4A93420DD17B6923F400637B613B68CD
:10281400DB681B027A6913437B617B6923F4806361
:102824007B617B68144A934213D13B6923F4805340
:102834003B613B6923F400533B613B685B691B01CB
:102844003A6913433B613B689B691B013A69134333
:102854003B617B683A695A607B68FA68DA613B6875
:102864005A687B68DA637B687A691A6200BF1C372E
:10287400BD465DF8047B70470000014080B487B01A
:1028840000AF786039607B681B6A3B617B681B6AB8
:1028940023F480527B681A627B685B687B617B6887
:1028A400DB69FB60FB6823F4E043FB60FB6823F413
:1028B4004073FB603B681B681B02FA681343FB60B0
:1028C4003B6923F400533B613B689B681B033A69F3
:1028D40013433B617B68104A934209D17B6923F41B
:1028E40080437B613B685B699B017A6913437B612D
:1028F4007B687A695A607B68FA68DA613B685A686F
:102904007B681A647B683A691A6200BF1C37BD464B
:102914005DF8047B704700BF0000014080B483B0C1
:1029240000AF786000BF0C37BD465DF8047B70478C
:1029340080B483B000AF786000BF0C37BD465DF84B
:10294400047B704780B582B000AF78607B68002B51
:1029540001D1012342E07B6893F84130DBB2002BC4
:1029640006D17B68002283F840207868FEF770FA6D
:102974007B68242283F841207B681B68DA687B68C3
:102984001B6822F40052DA60786800F07FFD7B68EF
:102994001B681A697B681B6822F490421A617B6881
:1029A4001B685A697B681B6822F02A025A617B689B
:1029B4001B68DA687B681B6842F40052DA607B6843
:1029C40000225A647B68202283F841207B682022FD
:1029D40083F842207B6800225A6300231846083794
:1029E400BD4680BD80B58AB002AFF860B9603B6077
:1029F4001346FB8000237B61FB6893F84130DBB214
:102A0400202B75D1BB68002B02D0FB88002B01D191
:102A140001236EE0FB6800225A64FB68212283F8DC
:102A24004120FEF729FB7861FB68FA889A84FB68E9
:102A3400FA88DA84FB689B68B3F5805F08D1FB6889
:102A44001B69002B04D10023FB61BB68BB6103E05D
:102A5400BB68FB610023BB612EE03B6800937B698C
:102A640000228021F86800F01DFB0346002B05D0EE
:102A7400FB68202283F8412003233AE0FB69002B02
:102A84000BD1BB691B881A46FB681B68C2F308029A
:102A94005A60BB690233BB6107E0FB691A78FB68C3
:102AA4001B685A60FB690133FB61FB68DB8C9BB2DA
:102AB400013B9AB2FB68DA84FB68DB8C9BB2002B87
:102AC400CBD13B6800937B6900224021F86800F079
:102AD400E9FA0346002B05D0FB68202283F8412045
:102AE400032306E0FB68202283F84120002300E052
:102AF400022318462037BD4680BD000080B5BAB019
:102B040000AF78607B681B681B68C7F8E4307B689B
:102B14001B68DB68C7F8E0307B681B685B69C7F833
:102B2400DC300023C7F8D8300023C7F8D430D7F8F6
:102B3400E43003F00F03C7F8D830D7F8D830002BAF
:102B44000FD1D7F8E43003F02003002B09D0D7F8D5
:102B5400E03003F02003002B03D0786800F0D7FBAB
:102B640073E2D7F8D830002B00F0DE80D7F8DC30E1
:102B740003F00103002B06D1D7F8E03003F490737F
:102B8400002B00F0D180D7F8E43003F00103002BD0
:102B94000BD0D7F8E03003F48073002B05D07B68AA
:102BA4005B6C43F001027B685A64D7F8E43003F0AD
:102BB4000403002B0BD0D7F8DC3003F00103002B07
:102BC40005D07B685B6C43F002027B685A64D7F8DB
:102BD400E43003F00203002B0BD0D7F8DC3003F011
:102BE4000103002B05D07B685B6C43F004027B6817
:102BF4005A64D7F8E43003F00803002B11D0D7F857
:102C0400E03003F02003002B05D1D7F8DC3003F0CB
:102C14000103002B05D07B685B6C43F008027B68E2
:102C24005A647B685B6C002B00F00A82D7F8E430AE
:102C340003F02003002B08D0D7F8E03003F0200382
:102C4400002B02D0786800F062FB7B681B685B692C
:102C540003F04003402B0CBF01230023DBB2C7F871
:102C6400D4307B685B6C03F00803002B03D1D7F8E6
:102C7400D430002B4FD0786800F06DFA7B681B6865
:102C84005B6903F04003402B41D17B681B6814331C
:102C9400C7F89C30D7F89C3053E8003FC7F8983009
:102CA400D7F8983023F04003C7F8D0307B681B680E
:102CB4001433D7F8D020C7F8A820C7F8A430D7F821
:102CC400A410D7F8A82041E80023C7F8A030D7F80B
:102CD400A030002BD9D17B68DB6B002B13D07B6831
:102CE400DB6B8A4A1A657B68DB6B1846FEF76DFB63
:102CF4000346002B16D07B68DB6B1B6D7A68D26BA6
:102D0400104698470EE0786800F0B6F90AE0786853
:102D140000F0B2F906E0786800F0AEF97B680022B2
:102D24005A648DE100BF8BE17B681B6B012B40F083
:102D34006781D7F8E43003F01003002B00F06081C2
:102D4400D7F8E03003F01003002B00F05981002382
:102D5400BB607B681B681B68BB607B681B685B6827
:102D6400BB60BB687B681B685B6903F04003402B56
:102D740040F0CE807B68DB6B1B685B68A7F8BE30D5
:102D8400B7F8BE30002B00F0A9807B689B8DB7F8A4
:102D9400BE209A4280F0A2807B68B7F8BE20DA8514
:102DA4007B68DB6BDB69B3F5807F00F088807B6830
:102DB4001B680C33C7F88830D7F8883053E8003FD5
:102DC400C7F88430D7F8843023F48073C7F8B83058
:102DD4007B681B680C33D7F8B820C7F89420C7F871
:102DE4009030D7F89010D7F8942041E80023C7F822
:102DF4008C30D7F88C30002BD9D17B681B68143306
:102E04007B677B6F53E8003F3B673B6F23F0010315
:102E1400C7F8B4307B681B681433D7F8B420C7F8FC
:102E24008020FB67F96FD7F8802041E80023BB6757
:102E3400BB6F002BE1D17B681B6814333B663B6E90
:102E440053E8003FFB65FB6D23F04003C7F8B03047
:102E54007B681B681433D7F8B020FA66BB66B96E7A
:102E6400FA6E41E800237B667B6E002BE3D17B681E
:102E7400202283F842207B6800221A637B681B6847
:102E84000C33FB64FB6C53E8003FBB64BB6C23F066
:102E94001003C7F8AC307B681B680C33D7F8AC2040
:102EA400BA657B65796DBA6D41E800233B653B6D7E
:102EB400002BE3D17B68DB6B1846FEF716FA7B68C0
:102EC40002225A637B689A8D7B68DB8D9BB2D31A8E
:102ED4009BB21946786800F0D9F8B3E07B689B8D03
:102EE400B7F8BE209A4240F0AD807B68DB6BDB69AB
:102EF400B3F5807F40F0A6807B6802225A637B682A
:102F04009B8D1946786800F0C1F89BE021320008D7
:102F14007B689A8D7B68DB8D9BB2D31AA7F8CE3081
:102F24007B68DB8D9BB2002B00F08E80B7F8CE302F
:102F3400002B00F089807B681B680C33BB63BB6B80
:102F440053E8003F7B637B6B23F49073C7F8C8306E
:102F54007B681B680C33D7F8C8207A643B64396CEF
:102F64007A6C41E80023FB63FB6B002BE3D17B68A5
:102F74001B6814337B627B6A53E8003F3B623B6A05
:102F840023F00103C7F8C4307B681B681433D7F8F7
:102F9400C4203A63FB62F96A3A6B41E80023BB62DE
:102FA400BB6A002BE3D17B68202283F842207B6834
:102FB40000221A637B681B680C333B613B6953E84E
:102FC400003FFB60FB6823F01003C7F8C0307B6848
:102FD4001B680C33D7F8C020FA61BB61B969FA6980
:102FE40041E800237B617B69002BE3D17B680222EB
:102FF4005A63B7F8CE301946786800F047F823E0F2
:10300400D7F8E43003F08003002B09D0D7F8E03080
:1030140003F08003002B03D0786800F010F914E06B
:10302400D7F8E43003F04003002B0ED0D7F8E0309B
:1030340003F04003002B08D0786800F050F904E056
:1030440000BF02E000BF00E000BFE837BD4680BD1E
:1030540080B483B000AF786000BF0C37BD465DF824
:10306400047B704780B483B000AF786000BF0C3736
:10307400BD465DF8047B704780B483B000AF7860D0
:1030840000BF0C37BD465DF8047B704780B483B045
:1030940000AF78600B467B8000BF0C37BD465DF8FF
:1030A400047B704780B586B000AFF860B9603B60C0
:1030B4001346FB713BE03B6AB3F1FF3F37D0FDF7AA
:1030C400DBFF02463B68D31A3A6A9A4202D33B6A50
:1030D400002B01D103233AE0FB681B68DB6803F093
:1030E4000403002B23D0BB68802B20D0BB68402B6B
:1030F4001DD0FB681B681B6803F00803082B16D15E
:1031040000237B61FB681B681B687B61FB681B6891
:103114005B687B617B69F86800F01DF8FB68082236
:103124005A64FB68002283F8402001230FE0FB6807
:103134001B681A68BB681340BA689A420CBF012323
:103144000023DBB21A46FB799A42B4D00023184616
:103154001837BD4680BD80B495B000AF78607B68F9
:103164001B680C337B637B6B53E8003F3B633B6B17
:1031740023F49073FB647B681B680C33FA6C3A6429
:10318400FB63F96B3A6C41E80023BB63BB6B002B18
:10319400E5D17B681B6814333B623B6A53E8003F0C
:1031A400FB61FB6923F00103BB647B681B68143378
:1031B400BA6CFA62BB62B96AFA6A41E800237B62BC
:1031C4007B6A002BE5D17B681B6B012B19D17B68D3
:1031D4001B680C33FB60FB6853E8003FBB60BB68B3
:1031E40023F010037B647B681B680C337A6CBA6130
:1031F4007B617969BA6941E800233B613B69002B33
:10320400E5D17B68202283F842207B6800221A6380
:1032140000BF5437BD465DF8047B704780B584B069
:1032240000AF78607B689B6BFB60FB680022DA85EB
:10323400F868FFF721FF00BF1037BD4680BD80B49A
:1032440085B000AF78607B6893F84130DBB2212B06
:103254003ED17B689B68B3F5805F14D17B681B69A2
:10326400002B10D17B681B6AFB60FB681B881A4625
:103274007B681B68C2F308025A607B681B6A9A1C4D
:103284007B681A6208E07B681B6A591C7A681162C1
:103294001A787B681B685A607B68DB8C9BB2013BA5
:1032A4009BB27A681946D184002B0FD17B681B68C6
:1032B400DA687B681B6822F08002DA607B681B682E
:1032C400DA687B681B6842F04002DA60002300E0A1
:1032D400022318461437BD465DF8047B704780B559
:1032E40082B000AF78607B681B68DA687B681B6813
:1032F40022F04002DA607B68202283F8412078685B
:10330400FFF7A6FE002318460837BD4680BD80B5EA
:103314008CB000AF78600023FB620023BB627B6843
:1033240093F84230DBB2222B40F0AA807B689B6882
:10333400B3F5805F15D17B681B69002B11D17B68C5
:103344009B6ABB627B681B685B689BB2C3F3080320
:103354009AB2BB6A1A807B689B6A9A1C7B689A62E1
:1033640024E07B689B6AFB627B689B68B3F5805FA3
:1033740007D07B689B68002B0AD17B681B69002BF4
:1033840006D17B681B685B68DAB2FB6A1A7008E0D6
:103394007B681B685B68DBB203F07F03DAB2FB6A0D
:1033A4001A707B689B6A5A1C7B689A627B68DB8D07
:1033B4009BB2013B9BB27A681946D185002B5DD143
:1033C4007B681B68DA687B681B6822F02002DA607D
:1033D4007B681B68DA687B681B6822F48072DA6099
:1033E4007B681B685A697B681B6822F001025A617A
:1033F4007B68202283F842207B6800225A637B6822
:103404001B6B012B35D17B6800221A637B681B6818
:103414000C337B617B6953E8003F3B613B6923F0DC
:1034240010037B627B681B680C337A6A3A62FB6127
:10343400F9693A6A41E80023BB61BB69002BE5D115
:103444007B681B681B6803F01003102B0AD1002350
:10345400FB607B681B681B68FB607B681B685B68A0
:10346400FB60FB687B689B8D19467868FFF70EFE4E
:1034740002E07868FFF7F6FD002302E0002300E095
:10348400022318463037BD4680BD00002DE9B04FF9
:10349400C0B000AFC7F8F400D7F8F4301B681B695C
:1034A40023F44050D7F8F430D968D7F8F4301A68C8
:1034B40040EA01031361D7F8F4309A68D7F8F4307E
:1034C4001B691A43D7F8F4305B691A43D7F8F43010
:1034D400DB691343C7F8F830D7F8F4301B68DB68AE
:1034E40023F4164121F00C01D7F8F4301A68D7F808
:1034F400F8300B43D360D7F8F4301B685B6923F4CE
:103504004070D7F8F4309969D7F8F4301A6840EA73
:1035140001035361D7F8F4301A688F4B9A4205D0EF
:10352400D7F8F4301A688D4B9A4204D1FEF750FD57
:10353400C7F8FC0003E0FEF737FDC7F8FC00D7F836
:10354400F430DB69B3F5004F40F00C81D7F8FC3060
:103554000022C7F8E830C7F8EC20D7E93A452246FC
:103564002B469118B9655B41FB65D7E916232146C3
:1035740012EB0108294643EB01094FF000024FF01A
:1035840000034FEAC90343EA58734FEAC80290465E
:103594009946234618EB0303C7F8E0302B4649EB62
:1035A4000303C7F8E430D7F8F4305B680022C7F8A7
:1035B400D830C7F8DC20D7E936120B46DB183B6558
:1035C400134642EB03037B65D7E91423D7E938019B
:1035D400FCF7FEFD02460B46614BA3FB02235B098D
:1035E4001C01D7F8FC300022C7F8D030C7F8D4202B
:1035F400D7E9348942464B469118B9645B41FB6470
:10360400D7E91223414612EB010A494643EB010B69
:103614004FF000024FF000034FEACB0343EA5A7322
:103624004FEACA0292469B4643461AEB0303C7F885
:10363400C8304B464BEB0303C7F8CC30D7F8F43013
:103644005B680022C7F8C030C7F8C420D7E930123D
:103654000B46DB183B64134642EB03037B64D7E958
:103664001023D7E93201FCF7B3FD02460B4611469D
:103674003B4BA3FB01235B09642202FB03F3CB1A3C
:10368400DB0003F13202364BA3FB02235B095B0030
:1036940003F4F8731C44D7F8FC300022C7F8B830A0
:1036A400C7F8BC20D7E92E8942464B469118B96326
:1036B4005B41FB63D7E90E23414651183963494600
:1036C4004B417B634FF000024FF00003D7E90CAB92
:1036D4005946CB00514643EA51735146CA0010463D
:1036E4001946034642469B18C7F8B0304B460A4673
:1036F40042EB0303C7F8B430D7F8F4305B68002218
:10370400C7F8A830C7F8AC20D7E92A120B46DB1853
:10371400BB62134642EB0303FB62D7E90A23D7E9F2
:103724002C01FCF755FD02460B460D4BA3FB02137F
:103734005B09642101FB03F3D31ADB003233084A2B
:10374400A2FB03235B0903F00702D7F8F4301B68DC
:1037540022449A6006E100BF0010014000140140B9
:103764001F85EB51D7F8FC300022C7F8A030C7F80A
:10377400A420D7E9288942464B46911839625B4117
:103784007B62D7E9082341465418494643EB0105B7
:103794004FF000024FF00003EB0043EA5473E200E1
:1037A40014461D464346E318C7F898304B4645EB8C
:1037B4000303C7F89C30D7F8F4305B680022C7F8DD
:1037C4009030C7F894204FF000024FF00003D7E97F
:1037D400244529468B00214643EA917321468A00F9
:1037E400D7E92601FCF7F4FC02460B46604BA3FB29
:1037F40002235B091C01D7F8FC300022C7F888308B
:10380400C7F88C20D7E9228942464B469118B96102
:103814005B41FB61D7E906234146511839614946AA
:103824004B417B614FF000024FF00003D7E904AB3A
:103834005946CB00514643EA51735146CA001046DB
:103844001946034642469B18C7F880304B460A4641
:1038540042EB0303C7F88430D7F8F4305B680022E6
:10386400BB67FA674FF000024FF00003D7E91E89E7
:1038740049468B00414643EA917341468A00D7E9A1
:103884002001FCF7A5FC02460B461146384BA3FB6E
:1038940001235B09642202FB03F3CB1A1B013233BD
:1038A400334AA2FB03235B0903F0F0031C44D7F85B
:1038B400FC3000223B677A67D7E91C8942464B46B5
:1038C4009118B9605B41FB60D7E902234146511866
:1038D400396049464B417B604FF000024FF00003D2
:1038E400D7E900AB5946CB00514643EA51735146E0
:1038F400CA0010461946034642469B18BB664B460F
:103904000A4642EB0303FB66D7F8F4305B680022F7
:103914003B667A664FF000024FF00003D7E918893E
:1039240049468B00414643EA917341468A00D7E9F0
:103934001A01FCF74DFC02460B460D4BA3FB021388
:103944005B09642101FB03F3D31A1B013233084AD8
:10395400A2FB03235B0903F00F02D7F8F4301B68C2
:1039640022449A6000BF07F58077BD46BDE8B08F5A
:103974001F85EB5180B582B000AF786039603A683A
:103984000121594800F06AFB0346002B00F0A28095
:10399400554B1B6803F59163544A9360524B1B6863
:1039A40003F59163514AD3604F4B1B6803F2EC4318
:1039B4004F4A93604C4B1B6803F2EC434C4AD36070
:1039C400494B1B6803F5D0634A4A9360464B1B6816
:1039D40003F5D063474AD360434B1B6803F5D063B8
:1039E400454A9360404B1B6803F5D063424AD36059
:1039F4003D4B1B6803F5C863404A93603A4B1B6810
:103A040003F5C8633D4AD360374B1B6803F51A635B
:103A14003B4A9360344B1B6803F51A63384AD360FE
:103A2400314B1B68374A93602F4B1B68354AD36070
:103A34002D4B1B6803F5C863334A93602A4B1B68FC
:103A440003F5C863304AD360274B1B682F4A936041
:103A5400254B1B682D4AD360234B1B6820332C4A0B
:103A64009360214B1B682033294AD3601E4B1B688B
:103A740003F5D073274A93601B4B1B6803F5D0737F
:103A8400244AD360184B1B68234A9360164B1B6867
:103A9400214AD360144B1B6803F5AC731F4A93602F
:103AA400114B1B6803F5AC731C4AD3600E4B1B68A7
:103AB4001B4A93600C4B1B68194AD3600A4B1B6862
:103AC4007C33184A9360084B1B687C33154AD360D7
:103AD400012305E013223021786800F041FB002324
:103AE40018460837BD4680BD582F00200C00002022
:103AF4002C0100201C0000202C0000203C00002091
:103B04003C0100204C0000205C0000206C000020E0
:103B14004C0100207C0000205C0100208C0000206F
:103B24006C0100209C00002080B582B000AF78605A
:103B340039603A6801214E4800F03EFA0346002BF2
:103B440000F08C804B4B1B6843F08043494A136060
:103B5400474B1B68474A9360454B1B68454AD360F3
:103B6400454B1B6843F08043434A1360404B1B683A
:103B74005033414A93603E4B1B6850333E4AD360F6
:103B84003E4B1B6843F080433C4A1360384B1B6830
:103B940090333A4A9360364B1B689033374AD3606C
:103BA400374B1B6843F08043354A1360304B1B6826
:103BB40003F52963324A93602D4B1B6803F529638F
:103BC4002F4AD3602F4B1B6843F080432D4A136068
:103BD400274B1B6803F531632A4A9360244B1B6807
:103BE40003F53163274AD360274B1B6843F08043B6
:103BF400254A13601E4B1B6803F57163224A9360C8
:103C04001B4B1B6803F571631F4AD3601F4B1B6872
:103C140043F080431D4A1360154B1B6803F5796319
:103C24001A4A9360124B1B6803F57963174AD360F1
:103C3400174B1B6843F08043154A13600C4B1B68F9
:103C440003F598531033124A9360094B1B6803F52C
:103C5400985310330E4AD360012305E01222302119
:103C6400786800F07DFA002318460837BD4680BD09
:103C74005C2F0020AC000020BC000020CC00002001
:103C8400DC000020EC000020FC0000200C010020DF
:103C94001C01002080B582B000AF7860786800F025
:103CA40053FA034618460837BD4680BD80B584B034
:103CB40002AF786039600023019305230093012348
:103CC400044A3968786800F039FB03461846083717
:103CD400BD4680BDF40B002080B594B000AFF86001
:103CE400B9607A600021F868FFF7E0FF0346BB641F
:103CF40097F84830002B01D0BB6C67E007F1100344
:103D0400184600F0E7F8034683F00103DBB2002B0A
:103D140008D0FB681B681846FFF7BCFF0346BB646A
:103D2400BB6C53E00023A7F84E3012E0B7F84E10F6
:103D3400B7F84E309B00BA6813441A6807F11003B1
:103D44000C33184600F02AF9B7F84E300133A7F8BF
:103D54004E30BB68002B04D0FB8BB7F84E209A4240
:103D6400E4D30023A7F84C3012E0B7F84C10B7F8AE
:103D74004C309B007A6813441A6807F1100304332B
:103D8400184600F00BF9B7F84C300133A7F84C3063
:103D94007B68002B04D0FB8AB7F84C209A42E4D30A
:103DA400FB681B6807F110021146184600F046F83C
:103DB400034683F00103DBB2002B06D0FB681B68CB
:103DC4001846FFF767FF0346BB64BB6C18465037C1
:103DD400BD4680BD80B582B000AF786039607B6835
:103DE400002B04D1064B7B607B68064A1A60396855
:103DF400786800F0BBF9034618460837BD4680BD15
:103E0400F40B00200001C0A180B582B000AF78603F
:103E140039607B68002B04D1064B7B607B68064AC3
:103E24001A603968786800F017FA034618460837AC
:103E3400BD4680BDF40B00200001C0A180B584B054
:103E440000AF786039603968786800F0B9FAF860D2
:103E54000123FB72FB68002B01D1002326E03968A3
:103E6400F868FFF761FE03461A46FB7A1340002BFD
:103E740014BF01230023FB723968F868FFF77AFD49
:103E840003461A46FB7A1340002B14BF0123002378
:103E9400FB72786800F02CFB03461A46FB7A134049
:103EA400002B14BF01230023FB72FB7A1846103742
:103EB400BD4680BD80B584B000AFF860B9607A605B
:103EC4007A68B968F86800F041FB03461846103771
:103ED400BD4680BD80B586B000AF78607B68002B9E
:103EE40001D1002316E00D4A07F1100392E8030004
:103EF40083E803000A4A07F1080392E8030083E811
:103F0400030007F1100207F108031946786800F06E
:103F1400F9F8034618461837BD4680BD28B2000894
:103F240030B2000860B330B40368164D846923F0DE
:103F34007E4323F40003AB4262681BD0037D4169D6
:103F4400A3F10103B3FA83F35B09B3EB112FC1F3BC
:103F540017200BDA012B02D1022807D0022354F8D0
:103F640023100133984201FB02F2F3D122EAE270FA
:103F740030BC70470029E1D01F3222F01F02DDE778
:103F8400704700BFC000040038B1436823B14088C3
:103F9400003818BF012070471846704758B143686D
:103FA40043B1408838B1C1EBC10103EB8103012067
:103FB4005A60704718467047F2B1F8B50546C8B163
:103FC4000C46B9B1244B1168994216460BD0566879
:103FD40086B137689F4211D00660A4F10100B0FA9F
:103FE40080F04009F8BD101DFFF7CEFF10B1F38833
:103FF4009C421BD00020F8BD002070473146043895
:10400400002304E001339C4240F8042F05D051F80A
:10401400042FBA42F6D19C42ECD101340E4B56F82F
:104024002400C01AB0FA80F04009F8BD0021281F0E
:104034008C4605E00CF1010C644540F8043F05D0C2
:10404400B3680B441C315B68002BF3D1A4EB0C0068
:10405400B0FA80F04009F8BDDECAFAA1FAB1F8B5A9
:104064000546D0B10C46C1B1254B1168994216469C
:104074000BD0166A8EB137689F4212D00660A4F145
:104084000100B0FA80F04009F8BD02F10C00FFF71E
:104094007BFF10B1F3899C421BD00020F8BD0020A7
:1040A400704731460438002304E001339C4240F851
:1040B400042F05D051F8042FBA42F6D19C42ECD11A
:1040C40001340F4B56F82400C01AB0FA80F04009AE
:1040D400F8BD0021281F8C4605E00CF1010C644555
:1040E40040F8043F05D033690B441C315B68002B56
:1040F400F3D1A4EB0C00B0FA80F04009F8BD00BF86
:10410400DECAFAA1A0B1B1B1C2B110B403460D4CDC
:1041140043F8044B00F10C0C03C983E8030092E854
:1041240003008CE80300012318465DF8044B704734
:104134000346184670470B46184670471346184600
:10414400704700BFDECAFAA1044B0268934302D150
:104154000C3000F019BC41F2100070470001C0A1FE
:1041640010B10C3000F016BC704700BF394B026828
:10417400934363D12DE9F04F038E85B005460C4679
:10418400002B4ED0476B002F4BD04FF0000BCDE9E6
:1041940002015E46BA4616E0019901227A50A169ED
:1041A4004C6828604FF001022A756869AB6068F3B7
:1041B4001F200023C5E90334C5E90509C5F804C077
:1041C40001360BF11C0BBAF80030F200B342019235
:1041D40036D9DAF80430002B32D053F826407CB3B9
:1041E400DAF80830A269D4F80C901068D3E90157C2
:1041F400A368C3F3172805F071F9A16907EBC60397
:10420400D1F808C05D44002BCAD0002147F836100D
:104214002168596011B149880029BDD1A1690023E1
:10422400BEE71822112105F10C00002600F0B2FBB4
:10423400304604B1268005B0BDE8F08F00207047F9
:10424400B6B2DDE90254002EEBD0DAF80830586833
:10425400EFE700BF0001C0A1374B0268934369D167
:104264002DE9F04F038E012B85B005460C464BD942
:10427400476B4FF0000BCDE902015E46D846BA46C3
:1042840016E0019901227A50A9694D6820604FF027
:10429400010222756069C4F804C069F31F20C4E9EF
:1042A4000450C4E90238009BA36101360BF11C0BD6
:1042B400BAF80C30F200B342019232D9DAF8103075
:1042C4007BB353F8265065B3DAF81430AA69D3E9FE
:1042D4000147AB681068C3F31729EB68009305F036
:1042E400FDF8A96907EBC603D1F808C05C44002BAC
:1042F400CBD047F836802968596011B14988002924
:10430400BFD1A9690023C0E71822112105F10C00CF
:10431400002600F03FFB304604B1268005B0BDE81E
:10432400F08FB6B2DDE90254002EEDD0DAF8143085
:104334005868F1E7002070470001C0A12DE9F0435F
:1043440083B09DF828809DF82C9020B30260164617
:104354001F46044600F016FB70B930250023236085
:1043640010244A464146384605F058F9B06045EAFB
:10437400042003B0BDE8F08300224146384605F02E
:104384004DF9002205460521012005F047F9854233
:1043940008D00125E2E710252C4645EA042003B0A5
:1043A400BDE8F083054B019301A800F0FFFA10B1BA
:1043B40000242546D5E70225D0E700BF0384048402
:1043C4002DE9F843484A044600680B4600EA020116
:1043D40082433BD1002B78D0444A1D6895420AD1D0
:1043E4008842D3E90325D3E901633DD00323236144
:1043F4002046BDE8F883012118461D46D3F8048001
:10440400FFF790FD05F11C07064601213846D5F853
:104414002090FFF787FD002E0ABF31460121354663
:10442400B0B1B9F1000F57D04FF0010EB8F1000F41
:1044340011D02D4B22689A42D8D1638C8B421BD267
:104444001222162104F10C0000F0A4FA0020D0E797
:1044540007468646EAE7002EEBD01222102104F12B
:104464000C0000F097FAF1E7C4E90863E562A26280
:10447400204600F0C5FAB9E7E1B1AC46BCE80F004C
:10448400656A0FC59CE8070085E80700638D4FF453
:1044940080367345266211D3BEF1000F07D03E4625
:1044A4000FCEE56A0FC596E8070085E807004FEAD6
:1044B4000E42DCE7638D21627345EDD2132216218F
:1044C40004F10C0000F066FAC0E71122102104F197
:1044D4000C0000F05FFAB9E71322102104F10C007C
:1044E40000F058FAB2E700BF0001C0A1DECAFAA189
:1044F400154B026802EA0301934323D170B50369A3
:104504009B07044603D58A4208D0012070BD1022BF
:1045140011210C3000F03EFA002070BD00F080FA4A
:10452400266C002EF1D0A56B002DEED0626C2946CE
:104534000020B0472B69AB42E7D0002BE5D0266CB6
:104544001D46F3E7002070470001C0A12DE9F04F9C
:10455400B74B07460068834385B040F02D813B8EFE
:10456400002B00F01D813B69D7F8349003F003035E
:104574000026032BBE6140F02981002900F016813A
:10458400B9F1000F00F01281B9F80030002B00F0EF
:104594000D818B69CDE90272D3F800B00C46D9F8CD
:1045A4000430002B72D053F82650002D6ED0D9F869
:1045B4000830D3F800A033011AEB0618019300F079
:1045C400BA81AB69012120465F68FFF7ABFC8742E3
:1045D400C0F00381E868A169C268CB689A4240F0E0
:1045E400FC8082688B689A4240F0F78042684B688E
:1045F4009A4240F0F280AB69D3E9000104F0FCFF79
:104604000190284605F010F8019B8342C0F0E58034
:10461400AB69186804F062FF2368584030F07E43A9
:1046240040F093816368002B00F08581A3691B68C7
:10463400002B00F082819B45284638BF9B4604F03E
:10464400F3FFC8F80800A3691B6800FB03F3C8F86C
:104654000C306168C8F8041032010B444AF8023087
:10466400A86903689A0006F1010604F11C0400F12C
:10467400A780D0E902329B1A19448160AB69D8F84B
:104684000420DA60B9F80030B34288D8DDE9027852
:104694003B8EB8F1000F00F0B580012B40F2A580ED
:1046A400D7F83490B9F80C30002B00F09E804546C2
:1046B4000026D9F81030002B00F0A38053F82640D0
:1046C400002C00F09E80D9F81430D3F800A03301F8
:1046D4001AEB0618019300F04081A36901215B687D
:1046E40001932846FFF71EFC019B83427DD3E068BB
:1046F400A969C268CB689A4277D182688B689A426A
:1047040073D142684B689A426FD1A369D3E900011F
:1047140004F072FF0190204604F086FF019B83425F
:1047240063D3A369186804F0D9FE2B68434033F0BF
:104734007E4340F019816B68002B00F00E81AB6959
:104744001B68002B00F017819B45204638BF9B4611
:1047540004F06AFFC8F80800AA691268034602FB5D
:1047640003F3C8F80C306968C8F8041032010B442C
:104774004AF80230A06903689B0006F1010605F1BE
:104784001C0539D4D0E902329B1A19448160A3690B
:10479400D8F80420DA60B9F80C309E4289D330E0AE
:1047A4003A69BB6102F00302032A0FD117221221D6
:1047B40007F10C0000F0EEF8002005B0BDE8F08F22
:1047C400B9F800309E42FFF4EAAE5FE730221121CF
:1047D40007F10C0000F0DEF8EEE7029F1822122128
:1047E40007F10C0000F0D6F8E6E71822132107F1D0
:1047F4000C0000F0CFF8DFE7B9F80C309E42FFF46C
:1048040058AF3B8E1FFA8BFBA7F818B0002B00F0B3
:104814008C80012B7E6B00F08B8006F10C08788B6A
:104824008345CAD94546BB464FF00008AEB92DE0D2
:104834000001C0A1DF68C91B0844986093696268DD
:10484400DA60D4E9013159F80A200B44934224BFB9
:10485400E368D31A636008F10108338843454FEADB
:10486400081A13D973688BB153F8282072B1B16850
:104874009369D1F800901F68996809EB0814BF0088
:104884006068D7D5A26803F07FF9DAE7584600F0EC
:10489400E5F80024B5B93BE059F80A3001EB0C0205
:1048A4009A4224BFD8F80C209A1AC8F804208169C7
:1048B400D1E90237DB1B1A448A608369D8F80420E3
:1048C400DA6001342B88A34222D96B6803B353F80E
:1048D4002400E8B1AB688269D3F80090136809EB4F
:1048E40004189B00D8E9011C4FEA041AD4D5906837
:1048F400624603F049F9D8E9013159F80A200B441A
:10490400934224BFD8F80C30D31AC8F80430D8E73F
:10491400BBF81A00BBF81830013080B28342ABF800
:104924001A0081D805B0BDE8F08F1E46984676E798
:104934004FF0000873E7029F38E7029F21221221FB
:1049440007F10C0000F026F836E7029F1922122125
:1049540007F10C0000F01EF82EE71722132107F1CF
:104964000C0000F017F827E71922132107F10C00B7
:1049740000F010F820E72122132107F10C0000F0C9
:1049840009F819E7012070470346002200681A60FD
:10499400704700BF0346007808B1002070471970C3
:1049A400196862F31F2101201960704782B0134B0C
:1049B400019318B10378032B02D0002002B0704792
:1049C4009DF80420934204D0012080F0010002B03D
:1049D400704742789DF805309A4200F10100F3D106
:1049E40010F8012F9DF806309A42EDD142789DF8D7
:1049F40007309A42E8D10020E7E700BF038404842B
:104A0400836B014653B100201A46D9601B69934257
:104A140000F1010003D0002BF6D17047184670470F
:104A240038B5846BB4B16368DB074FF0000504D577
:104A3400236A20460BB1984701352369A34207D066
:104A440033B11C466368DB07F2D42369A342F7D170
:104A5400284638BD2546284638BD00BF2DE9F0411B
:104A6400D0F84080856BC5630446B8F1000F2AD0A6
:104A74002DB3426C29460120C047E66BFEB10027E6
:104A84003146626C0220C047E56B28466B69984743
:104A94002E69626CE16BB5424FF0030007D0C0474A
:104AA4000137E663002EEBD13846BDE8F0810320E0
:104AB400C04700230137E3633846BDE8F08100278F
:104AC4003846BDE8F081002DF9D047466B69284689
:104AD40098472B462D699D4204D0E5630137002D8C
:104AE400F4D1E1E70023E3630137DDE72DE9F04F7B
:104AF4002DED028B83691C889FB00CB96368FFDEBF
:104B04005D686A6802B11268012C00F0B1802B69FB
:104B140003B11B68022C00F0AB80EE69002E00F09C
:104B2400B4802F8B3168012F40F2B1807668032C5A
:104B340000F09E80AC6A456A002C00F0AA8005B1A2
:104B440063682568B469D668DF68A4681C94B4886F
:104B54001394BC881494FC681594BC681694F46887
:104B6400D1F80CE01794048D1894848DD5F818C0EE
:104B74001994DEF808401A941568DEF804401B9472
:104B8400DCF80840D6F808B01D940E681C68002DA7
:104B940074D06F68002F71D0B5F80290B9F1000F8E
:104BA4006CD03F68D7ED008A002C64D06768002F72
:104BB40061D0B4F80290B9F1000F5CD03F6897ED72
:104BC400008AD3F8189089699369D9F8088090F815
:104BD4004170D3F80890D1F808A016B1766806B1F0
:104BE40036683DB1696800294BD06D8815B14968B4
:104BF40091F900503CB16168002944D0648814B133
:104C0400496891F90040DCE9000104F0D7FC1C9BE1
:104C14000693199B0593189B0493149BBDF85C2081
:104C24000795CDE900A31D9BCDE91003BDF85430D1
:104C34000D93BDF858300C93CDE90A78BDF868306F
:104C4400BDF86C700393CDE90846139B0297F0EE10
:104C5400480AB0EE680A1FFA8BF148460124CDE9F0
:104C64000E4400F0C3FE1FB0BDEC028BBDE8F08F14
:104C740000235B68FFDEB7EE008AA2E7F7EE008A46
:104C840092E70D46B6E70C46BDE731464FE70026EE
:104C94004DE70DB9AB69FFDEE368FFDE8369198870
:104CA40009B94B68FFDE2DE9F04F2DED028B5C68EE
:104CB4006268A3B002B11268012900F0C5802369BB
:104CC40003B11B68022900F0B680E569002D00F0ED
:104CD400B980268BD5F80080012E40F2B8806D682B
:104CE400032900F0B980A16A446A002900F0B18068
:104CF40004B14B680C68A969D668DF68896820919B
:104D0400B1881591B9881691F9681791B968189105
:104D1400D6E9021BD4F818C01991C46B018D1A91FD
:104D2400818DD8F80CE01B9121881C91A1881D91DC
:104D3400DEF808101E911568DEF804101F91DCF8E7
:104D440008101C68D8F800602191002D70D06968A3
:104D540000296DD06F88002F6AD00968D1ED008AD0
:104D6400002C62D0616800295FD06788002F5CD076
:104D7400096891ED008A9F699169D8F81830D7F8CD
:104D8400089090F841A0D1F808809F6816B1766821
:104D940006B136683DB16968002951D06D8815B1F6
:104DA400496891F900503CB16168002946D0648893
:104DB40014B1496891F90040DCE9000104F0FEFBFC
:104DC400209B08931C9B07931D9B06931B9B059399
:104DD4001A9B0493169BBDF86410CDF83490CDE96A
:104DE4000073219BBDF87C700297CDE91103BDF8D7
:104DF40078300393CDE90954BDF85C30BDF86040C8
:104E04000F930E94159BF0EE480AB0EE680A1FFA51
:104E14008BF240460124CDE90B6A109400F0C6FEE3
:104E240023B0BDEC028BBDE8F08FB7EE008AA2E799
:104E3400F7EE008A94E700235B68FFDE0C46BBE7CD
:104E44000D46B0E7A8464BE700235B68FFDE00256C
:104E540046E724B9A369FFDE00235B68FFDECB6865
:104E6400FFDE00BF826913880BB95B68FFDE506800
:104E7400416801B10968012B00F0F080026902B1B8
:104E84001268022B00F0E7802DE9F04FC5698BB062
:104E9400002D00F0A780068B2C68012E40F2C880FC
:104EA4006D68032B00F0D480AB69D768856AC86845
:104EB4009B68B0F804A0B7F804B0D1F818E00893E0
:104EC400D7E9026006FB00F0099090691DB12D68D6
:104ED4000DB1AD69AD680F681668A269DEF80810F7
:104EE400806824689268002F4BD0D7F804E0BEF1A4
:104EF400000F3ED0B7F80280B8F1000F51D1002E58
:104F040039D0D6F80490C846B9F1000F00F0978064
:104F1400B6F802C0B7EE000ABCF1000F51D1BEF1E1
:104F2400000F00F09180B7F80280B8F1000F40F054
:104F34008180F7EE000A00274EB1C846B9F1000F90
:104F44007BD0B6F802C0BCF1000F6CD1664614B138
:104F5400646804B12468089B0097CDE90545099C61
:104F6400CDE9016ACDE903B400F0F8FB0BB0BDE86C
:104F7400F08F002E38D1B7EE000A3746F0EE400A23
:104F8400E5E7002EF7D0D6F80480B8F1000F3FD043
:104F94007688B7EE000A002E41D13746F0EE400A7B
:104FA400D5E7DEF8003093ED000A56B3D6F8049046
:104FB400C846B9F1000FB2D0B6F802C0BCF1000F78
:104FC400ADD0D9F80030D3ED000ABEF1000F39D0CE
:104FD4007F88002FB1D0DEF8047097F90070002E9E
:104FE400ABD1B4E72C465CE7D6F80490C846B9F1D7
:104FF400000F8DD1B7EE000A4F46F0EE400A4E4640
:10500400A5E7DEF80470F7EE000A97F900709EE752
:10501400B7EE000A4746F0EE400A464697E7D8F84E
:105024000060D6ED000AD8F8046096F900608EE7B7
:10503400002536E7F7EE000ACDE74E4687E7B7EEE0
:10504400000A76E777467EE77746F7EE000A75E7CB
:1050540000235B68FFDE00235B68FFDE00235B68E0
:10506400FFDE00BF037F032B0BD8DFE803F0080645
:10507400040200F069B800F0F7B800F035B900F0A8
:10508400ADB870472DE9F04183691E8886B00EB92A
:105094007368FFDE5F687D6805B12D68012E4CD012
:1050A400D7F810C0BCF1000F01D0DCF800C0AB6829
:1050B4001B0A40D0EC68012204EB830353F8041D5F
:1050C4009C4201FB02F2F9D1C369032ED3F808E034
:1050D40033D9BB6A002B33D01968B0F92030896901
:1050E400DCF818008F68E968806851F82360296942
:1050F400B3EB112F3CBF696951F82330A969114DF5
:105104000C688968DEE900C824F07E44DEF808E013
:10511400009628BF0023AC42CDE903E7CDE901C8DE
:1051240004D001F04DFB06B0BDE8F08101F03EFB78
:1051340006B0BDE8F0810122C6E700235B68FFDE0C
:105144009B69FFDE40048400826913880BB95B68A5
:10515400FFDE2DE9F0435268556885B005B12D682E
:10516400012B37D013699BB3D0E90962D6E900104B
:1051740001430CB2D5E90571D3F800C08868EB6827
:105184009268D3F804E0D6F80C90DB68DCE90551AA
:10519400D7F80CC0D5F80C8089687D6844B1CDE996
:1051A40002C8CDE900E501F045FB05B0BDE8F08398
:1051B400B6F90840022CF2D10FFA89F9B9F1020FBD
:1051C400EDD1CDE902C8CDE900E501F003FBECE740
:1051D4009B69FFDE00235B68FFDE00BF82691388E2
:1051E4000BB95B68FFDE2DE9F0415268546888B062
:1051F40004B12468012B34D01369002B2FD0196813
:10520400456A826AB5F90C60A3696769D3F80080BE
:105214009268D1E90501D0E902EC0EFB06F6986824
:1052240089680696B5F904600EFB06F60596B5F98D
:1052340008600CFB06F60496B5F900500CFB05F566
:105244000395FD6802957D680195E468E46800941F
:10525400C8F3C61301F0B0FB08B0BDE8F0819B6948
:10526400FFDE00235B68FFDE826913880BB95B688D
:10527400FFDE51684A6802B11268012B30D00B6915
:1052840063B3F0B51B68456AD2F80CE0B5F9086061
:10529400906957698068DEF80C20D3E905C1DCF811
:1052A4000C40B5F90030896889B004FB06F606960F
:1052B400DCF808C0B5F9046003940CFB06F603FBA4
:1052C40004F405960494BC680294FC680194B5F94E
:1052D4000C40009401F00EFC09B0F0BD9B69FFDEA8
:1052E40000235B68FFDE00BF826913880BB95B682B
:1052F400FFDE2DE9F04F526857688FB007B13F6861
:10530400012B3ED01369002B39D01968FA68D2E911
:105314000283D1E90242B4F5A06F446AD1E90501E0
:10532400D0E9025CB4F90C60B4F904E0B4F900B05B
:105334008968D7E9057005FB06F6D2E902A98068F9
:1053440028BF12690C9605FB0EF60B960CFB0BF6A8
:105354000A96B4F90840CDF814C0CDE9065ECDE94B
:1053640008B4BC680494FC6838BF0122CDE902A4E7
:10537400CDE9008901F030FC0FB0BDE8F08FDB68A7
:10538400FFDE00235B68FFDE83691A880AB953686D
:10539400FFDE2DE9F04F59684B6893B0074603B11F
:1053A4001B68012A00F0F6800A69002A00F0F580E3
:1053B4001268D3F80CE099691E6893698868996843
:1053C400BEF80C30D7F830C00C93BB8B0D933B8CDC
:1053D4000E93BCF80430D5680F93BCF800301093DA
:1053E400BB8C1468BEF80480BEF80820B7F828B057
:1053F400B5F808A0B5F80CE0119346B3D6F804C08C
:10540400BCF1000F58D07588002D7AD1002C5DD0E6
:105414006768B946002F00F0AC806588002D40F025
:105424009E80F7EE007ABCF1000F00F09080758842
:10543400B0EE670A002D7BD10026002C00F0A3807B
:10544400B946002F00F089806588ADB918E0002CBA
:105454003CD0D4F80490B9F1000F00F09680648831
:10546400002C33D0D9F80040D4ED006AB7EE007AAE
:1054740087EE260AF0EE477AD9F8044094F90050F2
:10548400F5EEC07AF1EE10FA24DA119B0593109B25
:1054940004930F9B03930E9B02930D9BCDF818B0BE
:1054A400CDE90083CDE90965CDE907AE0C9B01F098
:1054B4009BF813B0BDE8F08F44B16768B946002F7C
:1054C400ABD13E46B7EE000A3D4603E02646B7EEB2
:1054D400000A2546119B0593109B04930F9B03938D
:1054E4000E9B02930D9BCDF818B0CDE90083CDE956
:1054F4000965CDE907AE0C9B00F06EF913B0BDE869
:10550400F08FDCF80050D5ED007AC4B16768B94675
:10551400002F88D06588002D85D03B6893ED007AF4
:1055240087EE870ABCF1000F28D07688002E87D03A
:10553400DCF8045095F90060002C81D123E0DCF8FC
:105544000450B0EE670A95F90060254698E7B0EE7E
:10555400670A6646002F7FF477AF3D4690E73B68C5
:10556400D3ED006AB7EE007A87EE260AF0EE477AAA
:10557400D8E7B7EE000AF0EE407A5DE76646002D04
:105584007FF47AAF7CE725467AE74E46B7EE000A09
:105594004D469FE700235B68FFDED368FFDE00BF54
:1055A40083691A880AB95368FFDE2DE9F04F5968F8
:1055B4004B6893B0074603B11B68012A00F0C8800A
:1055C4000A69002A00F0C7801268D3F80CE0D56895
:1055D400916914681E689A69BEF80C30D7F830C017
:1055E4000C93BB8B0D933B8C0E93BCF804300F9340
:1055F400BCF800301093BB8C9068BEF80480BEF8F1
:1056040008208968B7F828B0B5F808A0B5F80CE008
:1056140011932EB3D6F804C0BCF1000F30D07588B6
:10562400002D56D1002C37D06768B946002F79D0A9
:105634006588B7EE000A002D56D03B68D3ED000A0A
:10564400BCF1000F7BD07688002E54D1B946002FD0
:1056540066D0658835B3D9F8044094F9005021E048
:10566400D4B1D4F80490B9F1000F6AD06488B7EECD
:10567400000A002C5ED12646F0EE400A254611E0D1
:1056840054B16768B946002FD2D1B7EE000A3E463E
:10569400F0EE400A3D4605E0B7EE000A2646F0EE7D
:1056A400400A2546119C0594109C04940F9C039475
:1056B4000E9C02940D9C0C9BCDF818B0CDE90965A5
:1056C400CDE907AECDE9008400F06AF913B0BDE876
:1056D400F08FDCF8005095ED000AA4B16768B94674
:1056E40017B16588002DA8D1BCF1000F13D07588BF
:1056F400D5B1F7EE000ADCF8045095F90060002CEF
:10570400A4D12546CEE7DCF80450F7EE000A95F95B
:1057140000602546C6E7F7EE000A6646002F98D1DA
:105724003D46BFE7B7EE000AF7EE000A0026002C5C
:105734008CD1E6E7D9F80040D4ED000A8BE7664641
:1057440088E7B7EE000A4E46F0EE400A4D46A9E758
:1057540000235B68FFDED368FFDE00BF2DE9F04F56
:105764008DB0CDE90823BDF86470DDF870809DF933
:105774005840DDF868B09DF95C600A9408EBC70AEC
:1057840004460D461B98BDF860900B96534642465E
:10579400394601F0CBFABBF1000F1AD0CDF8708076
:1057A400C846B9461C9F0026099B04930B9B039390
:1057B4000A9B08990097CDE90547CDE901A328463E
:1057C4004B460136424601F055FFB3454C4445442F
:1057D400EAD10DB0BDE8F08F2DE9F04F95B0CDE9D9
:1057E40008010A93BDF87C300B93BDF89850BDF8BE
:1057F4008C309DF9A0100C93BDF89430049210469F
:10580400BDF87890BDF88020BDF88440BDF888C00C
:10581400BDF890809DF99CB005930391002D00F094
:10582400B780002B00F0B480B9F1000F00F0B08015
:10583400DFED5A5A00FB09FA2646F0EE406A2C4680
:10584400B7EE006A00201746C646654600FB0EFC0C
:10585400ACEB05030A9ADDED037A1194002BA5EB5A
:105864000C0CD4BFE0464FF000089444049A43441F
:1058740002FB03F30793059BCDE90D07CDE90F5E0A
:1058840000FB03F3BC45B8EEE75A0693A8BFBC4639
:1058940000230C9A0499129302FB03F2941B002C2C
:1058A400A6EB0202D8BF1746069A139603EB020032
:1058B400099A09FB0020079A2244A1EB04040B99DE
:1058C400C8BF00278C42A8BF0C4608993A4409FB7C
:1058D400021EF6EE004A01380022CDF808E05946CF
:1058E400E04558DA029BCDF8048003EB020BC64670
:1058F4006FF07F05A7420ADA5E463B4696F90080C0
:1059040001334545B8BF45469C424E44F6D10EF19D
:10591400010EF445D344EDD1DDF80480F4EE466A7B
:10592400F1EE10FA02D1039B99421AD06D1A07EED8
:10593400905AF8EEE77AB0EE457AA7EEA67AB5EE7D
:10594400C07AF1EE10FAB4BFF0EE657AF0EE647A44
:1059540077EE877AFDEEE77A17EE905A05F307059E
:105964006DB20132914500F8015FB9D1DDE912361B
:10597400059A01339BB29A428B468AD8DDE90D071A
:10598400119C431C98B28442DDE90F5E3FF65EAF82
:1059940015B0BDE8F08F6FF07F05BFE7FCFFFFBED9
:1059A40010B4BDF804400194BDF808400294BDF859
:1059B4000C400394BDF810400494BDF814400594C1
:1059C400BDF818400694BDF81C400794BDF820406B
:1059D4000894BDF8244009949DF928400A949DF93F
:1059E4002C400B945DF8044B01F08CBC2DE9F04F76
:1059F400A1B00546BDF8D840BDF8DC0012939C4622
:105A0400159404FB00F3BDF8B0401794BDF8B440FE
:105A1400BDF8AC90359E1894BDF8B8401C94BDF800
:105A2400BC40149409FB03639DF9C4401D949D423A
:105A34009DF8D0409DF9C870BDF8E4B0139116905C
:105A44001E9480F08C8001FB02F20CFB0252964201
:105A5400824638BF0120169028BF4FF0010A3A9BB6
:105A64003B9A3398A3EB49043B9B1C442346494689
:105A740001F05CF93B9B03EBC90319933B9B03EBDC
:105A840089014FEA49021A91B9F1000F00F08C80A4
:105A9400234603EB02080C1F4FF0010E33F9021BDF
:105AA400481E80B20EFA01FC142807FA01F101EB3A
:105AB4005C014FD8434544F8041FEFD1DDE93A13A4
:105AC4005C18A41ADDE9122313FB02F39AB2BBF1AA
:105AD400010F1B920FFA83F844D00023BAF1000F90
:105AE40035D0149ACDF87C9002FB08F8159A00275B
:105AF40009FB02FBA1461C461A9B0E93139B0D93B4
:105B04001E9B0C931D9B0B93189B0A93179B099345
:105B14001B9B0893169B0793159B0693149B059355
:105B24001C9B0493129B03931F9B1094CDE9019338
:105B34003B9B0093199B0F932846309A2A9933462E
:105B4400013702F033F9BA455E444544D4D121B05B
:105B5400BDE8F08F434544F8047F9FD1AEE74FF092
:105B6400010A7CE7129B3A9903FB09F2179B03FB9A
:105B740002F2189B03FB02F26FF0090303FB091303
:105B8400B3EB420FA9DB129A179B1899199F2A9815
:105B9400019702FB03F303FB01F200920A46494614
:105BA40003F0C0FA3B4699E71A938AE72DE9F04FD0
:105BB400E9B081469A46BDF80402BDF800320E935E
:105BC400329003FB00F3BDF8D0013090BDF8D4014E
:105BD4003190BDF8D8011290BDF8DC013C90BDF8BD
:105BE400E001BDF8CC517F9C2C90BDF8E4013890C5
:105BF4009DF9EC0124930B9005FB03439DF8F801F8
:105C040027909945BDF808029DF9F0811A910F92E9
:105C140022950C9080F0AF82134601FB03F30AFB3C
:105C240003939C422CBF002501252299839B849ACF
:105C34007D98A3EB4103D618279B023B012B3346E7
:105C440098BF00254FEA410B01F070F8279BDB0752
:105C540006D50E9B329A0233023202FB03F32493DD
:105C64007A9B0193849B229F03930B9B0293319B0A
:105C7400729900935046309B3A4601F067FC849930
:105C84000BEB070301EB8301DDE9300310FB03F3A6
:105C940013FB0AF39BB22193C7EB477301EBC303D6
:105CA400299303EB87031D912A93DFB10B9F32469F
:105CB400181F06EB0B0C4FF0010E32F9023B591E74
:105CC40089B20EFA03F6142908FA03F303EB560318
:105CD40000F23A82624540F8043FEED1DDE98323C5
:105CE4000B979E18A6EB0B0328931A9B4A930F9BC2
:105CF40049930E9B4E93329B4D93129B60933C9B16
:105D040061932C9B6293389B309E319F639350AB7D
:105D1400009348AA4CAB5EA954A8529607FB06F818
:105D2400519701F07DFA22981D9A0AFB06F10AFBAD
:105D340008F300FB03F601FB07F302EB8303239351
:105D4400279B179103F00202C3F3400326930C9B95
:105D54003B92B6F5206FA8BF4FF42066012B00F0EC
:105D64002B8400233D93219BB6FBF3F39BB21A468D
:105D7400229B9A4228BF1A46B3FBF2F102FB11336D
:105D84009BB2259289B2002B00F0F781012D00F01F
:105D9400F9811D9A2C98DDF82CB0CDF8D0A00AFB1F
:105DA40008F302EB830318931A9A389BDDF8888072
:105DB40003FB02F35B421B1A0AFB03933E933C9BD7
:105DC40003FB0AF302FB03F335930AF00303149372
:105DD400179B5B001B9343423693129BCDE9391802
:105DE40003FB0AF34FEA4A09199302FB0AF33793B8
:105DF400CDF8CC903D9B4BB9149B002B40F0B48163
:105E0400259B219A2399729801F050F9279B032B23
:105E140000F0A2811E94329B002B00F0B780319ACF
:105E2400389B3E9D7F94A2EB03085B421393A946E3
:105E340000231D9A3C9D1F4654A80B9201F048FA7A
:105E44000E9B0B9A002B7DD013991B982D97A8EBD2
:105E5400010300FB03F31C932C98309B379F1C1AFF
:105E6400319B0B442B93369BCDE92E95CDE90B3911
:105E740000230D93549B002B00F0E080013B5493CE
:105E84004FF00103ADF87631139B2B998B4243DA23
:105E940019460B9B339D0C98349EE31A05FB03F3C0
:105EA400CDE910781593AA4688460B9DA5422ADAB7
:105EB4000F9B434540F2B180149BCDF85880CDE947
:105EC4001F20DDF8688007469146002B00F09D8076
:105ED40006E0013500F05AFFA542D14437440CD006
:105EE4004545324649463846F3D35846013501F014
:105EF4000DFBA542D1443744F2D1DDE91F20159BA7
:105F0400DDF858801A44109B1844119B08F10108CD
:105F14009845CAD1109F9846189B934200F0C280BE
:105F24000C9919980D9B01440C9112980B990144FA
:105F34000B910E99013399420D9304449AD1DDE9F2
:105F44002D792F9D139B2B441393359B9944329B9E
:105F54000137BB42A8447FF46FAF1D997F9C9142E7
:105F640014D01E9B0793269B06932A9B0593849B20
:105F74000493289B0393219B0293259B0193249BC9
:105F84000093299A229B239802F042FD259A3A9B7A
:105F94009B1A99B28A42134628BF0B463A91002BAA
:105FA40000F0D8807299219800FB0211729129990E
:105FB40001EB82012991289901EB420128918499EE
:105FC40001EB820184912A9901EB82012A913B9988
:105FD400002900F0C6802499259301FB0244399BD3
:105FE400013B9BB21A4639934FF6FF739A427FF4F2
:105FF40001AF69B0BDE8F08F384600F029FF0135E4
:10600400A542D14437443FF478AF4545324649462A
:106014005846F1D301F07AFAF1E791461746169003
:10602400494601353246584601F070FAA542D1443A
:10603400F6D1DDE915303A461A4464E7559B3BB97D
:106044004FF00103ADF87631569B013B56931BE7A5
:10605400013B5593BDF87431ADF87631012B3FF413
:1060640013AFDDE91353002B3BD14545BFF654AFC5
:106074000C9B1194DDF86CA0179C109291461E465F
:10608400494630460135224600F0E2FE4545D144FA
:106094003E44F5D1DDE910241C9B1A44189B93421D
:1060A4007FF43EAF279B032B1E9B0893269B0793ED
:1060B4002A9B0693849B0593289B0493219B03931B
:1060C400259B029327D01D9D299A23980023019391
:1060D400249B00932946229B03F062F82A461E90D3
:1060E4001EE74545BFF618AF0C9B1194DDF86CA074
:1060F400179C109291461E46494630460135224669
:1061040000F044FE4545D1443E44F5D1DDE9102478
:106114001C9B1A44C2E70D9D249B0093B5FA85F39A
:106124005B095B00299A01931D99229B239803F034
:1061340037F80E9B1E90013BAB4204BF034602336B
:106144001D9A08BF1E93EBE6624540F8048F7FF466
:10615400B4ADC3E5259342E70E9B0333E3181E93C6
:1061640059E6144425933AE7259B219A239972987A
:1061740000F0B0FE4AE6002557E5012D04D00139B0
:1061840089B206E6013189B2329B002B3FF431AF6C
:106194001D9A38981A9D319FCDF8E8A00AFB08F3A0
:1061A40002EB830319932C9A429405FB00F35B42A0
:1061B4009B1A0AFB039339934B1E9BB244933C9B5B
:1061C4000AFB03F305FB03F3A7EB000B43934742DE
:1061D4000E9B2C98159703334042E6183E900E9B75
:1061E400229840960AF0030603F10209139603FB72
:1061F40000F3179E4593129BCDF81891760005FB8A
:106204000AF803FB0AF300221B964FEA4A06DDF85C
:106214002CA0CDF8FC8018934192D8468946419B26
:1062240054A80133419301F053F8409B429D279AAF
:10623400032A08BF1D463D9B4BB9139B002B40F01E
:10624400B481259B219A2399729800F02FFFB9F10C
:10625400000F00F08681159A1B99DDF810B1CDF876
:106264001C91A8EB020301FB03F31C93319B3896AA
:10627400D318259A2B92729A3B922A9A3392299A8E
:1062840037932F92229B289A2E92849A2D92A94674
:106294001D46599A589B56920E9A5593579B549360
:1062A400002A00F02781309A2C99CDF88090541A56
:1062B4003E9A0B920021399A0C92CDE934B91D9A79
:1062C400DDF8FC900D913695002B5ED0013B549384
:1062D4004FF00103ADF87631159B37998B423EDAC6
:1062E40019460B9B389E0C983A9FE31ACDE9108906
:1062F40006FB03F3149303460B9DAC4226DD0F9873
:1063040081425CD21398DDF868801693CDE91E12A1
:106314009946934600284AD006E0013500F036FD40
:10632400AC42B344B9440CD045453A465946484674
:10633400F3D35046013501F0E9F8AC42B344B94413
:10634400F2D1DDE91E121498169B024411980344FD
:10635400109801318142CFD1DDF844908046199BD9
:10636400934267D00C9918980D9B01440C91129894
:106374000B9901440B910E99013399420D930444F6
:1063840000F09D80549B002BA0D1559B53BB4FF034
:106394000103ADF87631569B013B56939CE7484682
:1063A40000F056FD0135AC42B344B944C9D045456B
:1063B4003A4659465046F2D301F0A8F8F2E793461C
:1063C400169389469046414601353A46504601F0B7
:1063D4009DF8AC42B044F6D11498169B5A464946EF
:1063E4000244B3E7013B5593BDF87431ADF87631FF
:1063F400012B3FF471AF139B159D002B45D14545EF
:10640400ADDA0C9B1B9E10942F46179D1192934658
:106414001C465946204601372A4600F019FD4745D7
:10642400B3444C44F5D1DDE910421C9B1A44199B3A
:10643400934297D1209B0893269B0793339B069303
:106444002D9B05932E9B0493219B03932B9B0293DB
:1064540000230193249B189A00930C9B0D9D1D9976
:10646400239813440C93129A0B9B134401350B93FA
:106474001444229B2F9A0D9502F092FE0E9B2090BD
:10648400AB4200F08E801D9A7CE74545BFF667AFAE
:106494000C9B1B9E10942F46179D119293461C46ED
:1064A4005946204601372A4600F070FC4745B3445C
:1064B4004C44F5D1DDE910421C9B1A44B7E71D9901
:1064C400369D8A42DDE934B914D0209B0793269B7C
:1064D4000693339B05932D9B04932E9B0393219B3F
:1064E40002932B9B0193249B00932F9A229B239826
:1064F40002F08EFA2B9AAB1A9DB2AA42144628BF18
:106504002C46A4B213469144002C43D03B99219AC3
:1065140002FB031318463B93139B002B3CD1239996
:10652400234600F0C3FD2B9B2F9A2B9402EB83028E
:106534002F922E9A02EB43022E922D9A02EB8302A3
:106544002D92339A02EB830333930BF1FF331FFA3B
:1065540083FB4FF6FF739B457FF49BAE389EDDF8BB
:106564001C913C9B159A1A4498441592399B439A62
:1065740013443993469A409B13444093459A429B53
:1065840013444293419A329B93427FF448AE69B0DC
:10659400BDE8F08F2B94D8E72399234600F09AFCAA
:1065A400C1E7DDE934B9369DA4E7259B219A2399F7
:1065B400729800F08FFC4AE6219A02FB00F3B34282
:1065C4003FF7CFAB1AF0030F08D103462399729813
:1065D40000F06CFD01233D93FFF7C5BB03462399EF
:1065E400729800F077FCF5E72DE9F04F95B0CDE90E
:1065F40008010A93BDF87C300B93BDF89850BDF8A0
:106604008C309DF9A0100C93BDF894300492104680
:10661400BDF87890BDF88020BDF88440BDF888C0EE
:10662400BDF890809DF99CB005930391002D00F076
:10663400B680002B00F0B380B9F1000F00F0AF80FA
:10664400DFED595A00FB09FA2646F0EE406A2C4663
:10665400B7EE006A00201746C646654600FB0EFCEE
:10666400ACEB05030A9ADDED037A1194002BA5EB3C
:106674000C0CD4BFE0464FF000089444049A434401
:1066840002FB03F30793059BCDE90D07CDE90F5EEC
:1066940000FB03F3BC45B8EEE75A0693A8BFBC461B
:1066A40000230C9A0499129302FB03F2941B002C0E
:1066B400A6EB0202D8BF1746069A139603EB020014
:1066C400099A09FB0020079A2244A1EB04040B99C0
:1066D400C8BF00278C42A8BF0C4608993A4409FB5E
:1066E400021EF6EE004A01380022CDF808E05946B1
:1066F400E04557DA029BCDF8048003EB020BC64653
:106704007F25A7420ADA5E463B4696F900800133AC
:106714004545A8BF45469C424E44F6D10EF1010EB4
:10672400F445D344EDD1DDF80480F4EE466AF1EE8D
:1067340010FA02D1039B99421AD06D1A07EE905AAF
:10674400F8EEE77AB0EE457AA7EEA67AB5EEC07A0F
:10675400F1EE10FAB4BFF0EE657AF0EE647A77EEFB
:10676400877AFDEEE77A17EE905A05F307056DB2C6
:106774000132914500F8015FBAD1DDE91236059A7C
:1067840001339BB29A428B468BD8DDE90D07119CED
:10679400431C98B28442DDE90F5E3FF65FAF15B04B
:1067A400BDE8F08F7F25C0E7FCFFFFBE10B4B2FB4D
:1067B400F3F2019CB2FBF4F25DF8044B02F04CBF1F
:1067C40010B4B2FBF3F2019CB2FBF4F25DF8044B9B
:1067D40003F096BC2DE9F84F1C4692F900900A9BF1
:1067E4004FF0000569F30705002B69F30F251EDD43
:1067F4000C9B9E1C0D9B88464FEA430B06FB04FA38
:106804000027002C09DD0C9B002108EB030001315B
:106814008C4205803044FAD1D04441465A46484619
:1068240001F050FA0A9B0137BB42D844E9D1BDE8D4
:10683400F88F00BF2DE9F04F85B092F90080119ACE
:106844000E9F03929B464FF0000568F30705BBF1CA
:10685400060F109B0C4668F30F2500F08280BBF1F5
:10686400030F58D0002A08DB0093039B08465A1CE8
:106874004146144404F0B5FA009B012F07F1FF3E92
:106884000BF1FF362CDD039ACDF8008001329F1CFA
:106894004FEA420A07FB06F2D04602924FF0000983
:1068A400CDF804E09A46BBF1010F04EB0A0109DDBF
:1068B4008C46002001308642ACF80050BC44F9D12B
:1068C400029B19440098424601EB080401F0FAF9CE
:1068D400019B09F101099945E5D1DDF80080534692
:1068E400BBF1010F04EB03000ADD03F1020A0246C7
:1068F400002301339E4215805244FAD106FB0A005C
:10690400039B002B2ADB1A460132414605B0BDE841
:10691400F04F04F066BA5FFA88F34FEA082292B2A5
:1069240043EA086313434FEA084202F47F02002F4C
:1069340042EA03029BB211DD07EB870707EB8707E7
:1069440039442260A380A4F80950E38184F81380B9
:10695400626184F818801934A142F2D105B0BDE80F
:10696400F08F5FFA88F34FEA082292B243EA086391
:1069740013434FEA084202F47F02002F43EA020362
:10698400ECDD0F3400220132974244F80F3C44F806
:106994000B3C04F8078C25802581258225832584DA
:1069A40084F82880C4F82930C4F82D3004F1400458
:1069B400E9D105B0BDE8F08F2DE9F04F85B016465A
:1069C4000E9A01928146DDE91120082BDDE90F5A68
:1069D400DDE913780C46029050D0002A0FDD0097B1
:1069E4004FF0000B2F46154621463A46BB4430462D
:1069F40001F0CAF85D453C44F6DC3D46009F019B2E
:106A0400002B2ADD00230093002FC8BF4FF0000B9A
:106A140008DD21462A46AB44304601F0B5F85F450F
:106A24002C44F6DC21464846524601F0ADF8B8F154
:106A3400000F5444D1440ADD4FF0000B21462A468E
:106A4400AB44304601F0A0F8D8452C44F6DC009B5A
:106A5400019A01339A420093D6D1029B002B0ADD9E
:106A64000027984621462A4630462F4401F08CF8E8
:106A7400B8452C44F6DC05B0BDE8F08F96F900600B
:106A84008B183046009301F01DF9019B002B009BED
:106A940027DD08EB0A024FF0000BD5191C4607EB63
:106AA4000A02039343460092D8469B462146304649
:106AB4003A4601F007F9E1194846524601F064F8F4
:106AC400009B5A46E118304601F0FCF8019B08F19E
:106AD40001084345D1442C44E8D11A46039B05FBE5
:106AE4000233029A1946304605B0BDE8F04F01F072
:106AF400E9B800BF2DE9F04F87B09B46149BBDF960
:106B04004080DDF85490CE18131EDDE9124A01933B
:106B14003EDD04FB08F3CDE903610293002307463D
:106B240035460093CDF814B0B9F1000FC8BF002664
:106B340008DD294626442246384601F025F8B145A9
:106B44002544F6DC119B294638461A461F441D4449
:106B540001F01AF8B8F1000FA7EB040A0CDDAB46FC
:106B64000026594601362246504601F00DF8B0453C
:106B7400A344F6D1029B1D44009B019A01339A421F
:106B84000093D1D1DDE90361DDF814B0DDF84CA048
:106B9400B1420AD00C460D46214652463046544472
:106BA40000F0F2FFA642F7D12946019B5B44013B6A
:106BB4000AFB0315169BEC18A54218BFCAF1000680
:106BC40007D0214652462846344400F0DDFFA54252
:106BD400F7D107B0BDE8F08F2DE9F04F8FB00D4627
:106BE400229F02909246B3F1000CBDF984201899BB
:106BF400DDF86880DDF87890BDF97CE0BDF98000AF
:106C0400DDF88CB00B92DDE91C462F4462DD1B9A43
:106C1400249B0C9513445B4404FB01F209930892F2
:106C240007EB0B03029A01938E448B1E0AFB0EFEA4
:106C340004FB0323049308FB00E309FB03530393BE
:106C440009FB08F3079300230593C9F1000ACDF863
:106C540018E0CDF828C01D960D90019BBB420AD0C8
:106C6400029E1D465544264422462946304600F0DD
:106C74008BFFBD42F6D1029B1B9A0199184613441F
:106C8400029300F081FF069B43450DDADDE903B66C
:106C94001D46594630460135224600F075FFA84589
:106CA400CB44A6EB0406F4D1099A0199059B11443F
:106CB40017440191049A08990A4404920799039A83
:106CC4000A4403920A9A01339A420593C5D10C9D52
:106CD4001D9E0D9800FB06F405EB4404A5420BD061
:106CE400C6F100082F46394620463246374444440C
:106CF40000F04AFFA742F6D1199B0B9C013B06FB0F
:106D0400035506FB04F4A5EB4404A54218BF7742DF
:106D140008D02946204632463D44344400F034FF2E
:106D2400A542F6D10FB0BDE8F08F00BF61B380EE8D
:106D3400207A70B500EB81019D1E141F0026F0EC33
:106D4400017A67EE277A17EE90EACEF3C752CEF3B4
:106D5400160C0CF5000CBEF1000FC2F17E02B8BF98
:106D6400CCF1000C1F2A4FEACC1306DC814225F833
:106D7400022F44F8043FE2D170BD814225F8026F2E
:106D840044F8046FDBD170BD704700BF70B5B2F139
:106D940010044FF0000E37D4D0F800C043682FFA27
:106DA4009CF52FFA8CFCC5EA2C46CCEA054C2FFA4C
:106DB40093F54E60C1F800C02FFA83F3C5EA234669
:106DC400C3EA0543CE608B60D0F808C0C3681030B6
:106DD4002FFA9CF52FFA8CFCC5EA2C46CCEA054C1C
:106DE4002FFA93F5C1F810C04E610EF1100E203148
:106DF400A6452FFA83F3C5EA234CC3EA054341F8B9
:106E040004CC41F8083CC7DD161F764512DB50F868
:106E1400043B2FFA93F408310EF1040EB6452FFA11
:106E240083F3C4EA2345C3EA044341F8045C41F80C
:106E3400083CECDD724509DDA2EB0E0201EB4202D7
:106E440010F9013B21F8023B9142F9D170BD00BF1A
:106E540070B5B2F110054FF0000E26D4D0F800C082
:106E640043682FFA9CF62FFA8CFC2FFA93F40E60E9
:106E7400C1F804C08C602FFA83F3CB60D0F808C04B
:106E8400C36810302FFA9CF62FFA8CFC2FFA93F477
:106E94000E61C1F814C08C610EF1100E2031AE45A4
:106EA4002FFA83F341F8043CD8DD141F74450FDB3B
:106EB400AEEB000E50F8043B2FFA93F20A6000EB9D
:106EC4000E0C083164452FFA83F341F8043CF1DADF
:106ED40070BD00BF2DE9F0475F081646984600EBE9
:106EE400020C00F0BA80A2F11005141F002D4FF01F
:106EF400000273DBD0F800E0DCF800302FFA9EF9D2
:106F04002FFA8EFEC9EA2E4ACEEA094E2FFA93F9D9
:106F1400C1F800E0C1F808A02FFA83F3C9EA234EB0
:106F2400C3EA0943C1F80CE04B60D0F804E0DCF894
:106F340004302FFA9EF92FFA8EFEC9EA2E4ACEEAC1
:106F4400094E2FFA93F9C1F810E0C1F818A02FFAEE
:106F540083F3C9EA234EC3EA0943C1F81CE04B6139
:106F6400D0F808E0DCF808302FFA9EF92FFA8EFEEC
:106F7400C9EA2E4ACEEA094E2FFA93F91030C1F825
:106F840020E0C1F828A02FFA83F3C9EA234EC3EA0C
:106F94000943C1F82CE04B62DCF80C3050F804ECE7
:106FA4000CF1100C2FFA9EF92FFA8EFEC9EA2E4A24
:106FB400CEEA094E2FFA93F9C1F830E0C1F838A0AF
:106FC40010324031AA422FFA83F3C9EA234EC3EAAE
:106FD400094341F804EC41F80C3C8BDD94421EDB80
:106FE40050F8043B5CF804EB2FFA93F92FFA83F37F
:106FF400C9EA234AC3EA09432FFA9EF90B60C1F890
:1070040008A004321031A2422FFA8EFEC9EA2E43A0
:10701400CEEA094E41F8043C41F80CECE0DD96421E
:1070240041DDB21A0B1D00EB020AE64610F9019B82
:1070340023F8049C1EF9019B23F8029C504503F19C
:107044000403F3D1944401EB8201013FBFB20AEB84
:107054000600B444002F7FF449AF18F0010F20D08C
:10706400371F4FF0000211D450F8043B2FFA93F469
:107074000831043297422FFA83F3C4EA2345C3EA62
:10708400044341F8045C41F8083CEDDA964208DD1B
:10709400B31A01EB430310F9012B21F8022B8B42A5
:1070A400F9D1BDE8F0878246CFE700BF2DE9F0476C
:1070B4005F081646984600EB020C00F08D80A2F1A2
:1070C4001005141F002D4FF0000E4CDB0268DCF895
:1070D40000302FFA92FA2FFA82F22FFA93F9C1F8BC
:1070E40000A0C1F804908A602FFA83F3CB60426851
:1070F400DCF804302FFA92FA2FFA82F22FFA93F97D
:10710400C1F810A0C1F814908A612FFA83F3CB61FF
:107114008268DCF808302FFA92FA2FFA82F22FFAFA
:1071240093F9C1F820A0C1F824908A622FFA83F35E
:10713400CB62C268DCF80C3010300CF1100C2FFA62
:1071440092FA2FFA82F22FFA93F9C1F830A0C1F81B
:1071540034908A630EF1100E4031AE452FFA83F35A
:1071640041F8043CB2DD744517DB50F8042B5CF89D
:10717400043B2FFA92FA2FFA82F22FFA93F9C1F80C
:1071840000A0C1F804908A600EF1040E1031A645E7
:107194002FFA83F341F8043CE7DD76453DDDA6EBA9
:1071A4000E0E0B1D00EB0E0A624610F9019B23F82C
:1071B400049C12F9019B23F8029C504503F104033B
:1071C400F3D1F44401EB8E01013FBFB20AEB060098
:1071D400B444002F7FF476AF18F0010F1BD0351F95
:1071E4004FF000020CD450F8043B2FFA93F40C60D7
:1071F4000432083195422FFA83F341F8043CF2DA61
:10720400964208DDB31A01EB430310F9012B21F870
:10721400022B8B42F9D1BDE8F0878246D4E700BF48
:107224002DE9F0430027C0E9007787600E69079CC9
:10723400C6F1000C9E68BE42B9461BDD3E46BE4602
:1072440012E09568A5EB0C08A568A845B5BF09F13F
:1072540001090137C0F8089047608D68AC449D6807
:107264000EF1010E754506DDBCF1000FE9DA0136B9
:107274000660F2E73E460025C0E90367C0E906550B
:10728400C0F8149005624E69C6F1000C5E68AE4207
:107294001CDDAE460FE055686668A5EB0C05B542EB
:1072A40010DA056A01350562CD68AC445D680EF1FB
:1072B400010E75450ADDBCF1000FECDA8569013574
:1072C4008561F1E7C5690135C561EDE7BDE8F08386
:1072D400D0E9063223B97AB1013A8384C26104E069
:1072E40052B10122013B82848361D0E90423C16845
:1072F4008360C0E900127047036A0122013B828463
:107304000362F2E72DE9F04F97B0CDE90A0119467F
:10731400BDF884300C93BDF88C309DF9A4400D93D6
:10732400BDF8A050BDF894300E930494BDF89C3081
:107334009DF9A840BDF880B0BDF888C0BDF8906044
:10734400BDF8980006920793059435B102FB0BFA39
:1073540000222BB901329542FCDC17B0BDE8F08F56
:10736400C0EE204A884637462946DDED047ADFED33
:10737400655ADFED652AB8EEE75AB0EE406AF0EEE2
:10738400606A02FB00F4E41B24EAE47364444445A9
:10739400A8BF4446A146079C02FB04F40894069C3B
:1073A40003FB04F40994BBF1000F00F08580DDEDCC
:1073B400057ACDE911C7CDE91301B8EEE74ACDE965
:1073C4000F28002598460E9B069C159505FB03F295
:1073D4000D9BD21A0C9B22EAE27C1A44089B94422D
:1073E400A8BF1446EA180B9B0BFB0230099B03EB66
:1073F4000C020A9B0BFB0233F6EE003A03930022C5
:10740400A4EB0C0E45460146A94566DD039BCDE978
:1074140001524FF00008D7182E464046644509DD56
:107424003A46634692F9005001339C4228445A4438
:10743400F8D1F0440136B1455744EFD1B4EE666A51
:10744400F1EE10FADDE9015203D1DDE90436B3426D
:1074540039D007EE900AB8EEE73A07EE908AB8EE14
:10746400E77AC3EE077A77EEC57AB0EE447AA7EEF0
:10747400A47AB5EEC07AF1EE10FAB4BFF0EE657AF4
:10748400F0EE637A77EE877AFDEEE77A17EE903ABC
:1074940003F307030B7001325A4501F10101B3D123
:1074A400A846159D079B0135AB428CDCDDE90F280E
:1074B400DDE911C7DDE91301013291423FF761AF04
:1074C40017B0BDE8F08F002813DB00EB6800B0FBB9
:1074D400F8F808F307030B70DDE7B4EE666AF1EE23
:1074E40010FA03D1DDE90430834209D0F0EE627A68
:1074F400B9E708EBD873A0EB630090FBF8F8E8E772
:10750400FFDE00BFFCFFFFBE0000C07F10B5C0EA75
:10751400004E94080ED00B464FF0000C0CF1010CF9
:107524006445C3F800E0C3F804E003F10803F5D1AF
:1075340001EBC40112F0030206D0012A088003D033
:10754400022A488018BF888010BD00BF2DE9F04F83
:1075540087B0BDF840409DF948A013FB04F313FB2A
:1075640000F40846119B1399002A78D0A4B2A70806
:10757400A3F10408A7F18103C3F3C813C3EB4326A3
:1075840004F00304A7F1800505EBC615661EB6B228
:107594001FFA85FB01EB82095D0201EBC202013394
:1075A4005B0205F580650192721C029503921D46EB
:1075B4003346802F58D9029ACDE9049300F500761A
:1075C40000EB020E4FF0000CA6F50079002259F8EA
:1075D400043B2FFA83F1B1454FEA332392FA11F2B7
:1075E4002FFA83F392FA13F2F1D109F5007613B26C
:1075F40003EB224376459C44E6D1DDE90493461926
:10760400584678B306EB8000002156F8042B2FFA75
:1076140082FE86424FEA322291FA1EF12FFA82F25A
:1076240091FA12F1F1D10AB202EB214294446CB105
:1076340090F9002094443BB190F90120022C944429
:107644001CBF90F902209444039A104458F8042F64
:107654000CFB1A2249F8042B019A9145A9D107B0D1
:10766400BDE8F08F3046E2E706464FF0000C38469E
:10767400C7E700BF2DE9F04F97B099469DF988E020
:10768400269BDDF884B012920D4609EB890103EBC9
:10769400410103EB890A1FFA8EF343EA0E470D9169
:1076A4009DF98C30B9F1000F00F061824FEA490175
:1076B4000BEB0102844603925C46AAF104064FF0E8
:1076C400010834F9022B511E89B208FA02F0142978
:1076D40003FA02F202EB500200F2E68146F8042FAC
:1076E400039AA242EDD1129EDDF83480CDF800E079
:1076F4004FEA59043B4660463246414600F022FBBD
:10770400002C00F084813046A6F11003249E259FAE
:10771400CDF850A0621E06F1100192B201EBC20234
:107724000E92024603381B090F900BF1040001333B
:1077340004902098CDF884B04FEA031C08EB43135F
:1077440006F1080E08300AF1080602371093131FD9
:10775400CDF818E0059711931394B246CDF81CC0E8
:107764009646CDF854908346069A05EB0E07BEF173
:107774000F0F52E90231039740F3D481079A0D9811
:10778400AE182A68D7F8009004684FEA32284FEA06
:10779400392C2FFA82F22FFA88F82FFA89F92FFA66
:1077A4008CFC24FB023224FB0914D0F8049029FB3E
:1077B400082229FB0C496B687C6881684FEA3328EE
:1077C4004FEA342C2FFA83F32FFA88F82FFA84F433
:1077D4002FFA8CFC21FB032321FB0492D0F80C909C
:1077E40029FB083329FB0C29AA68BC6801694FEA04
:1077F40032284FEA342C2FFA82F22FFA88F82FFA23
:1078040084F42FFA8CFC21FB023221FB0493D0F880
:10781400149029FB082229FB0C39EB68FC68816968
:107824004FEA33284FEA342C103510372FFA83F3FC
:107834002FFA88F82FFA84F42FFA8CFC21FB032307
:1078440021FB0492C169203021FB083321FB0C2168
:10785400B54296D1039A079C109822440392A146FC
:107864000F9A914580F25C81119ADDF80C800C909E
:10787400A2EB09024FEA920C0CF101029500CDE94A
:107884000852CDE90AC906EB8204074656F8045BA0
:1078940058F8040B3A684FEA35294FEA302C2FFA8E
:1078A40085F52FFA89F92FFA80F02FFA8CFC22FB48
:1078B400053322FB00127968083721FB093321FBC9
:1078C4000C21B442E2D1DDE90852DDE90AC9039E84
:1078D4000C982E4409F10409039600EBC20009EB4D
:1078E4008C09CE4537DDB0F9005094F90060039A55
:1078F40015FB063392F9006015FB061109F1010529
:10790400754525DAB0F9025094F9016015FB063388
:1079140092F9016015FB061109F10205754517DAA4
:10792400B0F9045094F9026015FB063392F9026031
:1079340015FB061109F10305754509DAB0F90600CE
:1079440092F9035010FB051194F9035010FB053311
:10795400AEEB09094C44049A5BF8087C32F9045CE8
:107964005AF8086C152D40F3B480A81E0122013D7D
:1079740002FA00F053FB07002841304400F30703E8
:107984005BB2059A02F8023C049B33F9025C152DA4
:1079940040F391805AF8046CA81E0123013D03FAB8
:1079A40000F05BF8043C51FB030141FA05F3334456
:1079B40003F307035BB202F8013C069B049902320D
:1079C40005920E9A083304319A42069304EB0E058D
:1079D40004910BF1080B0AF1080A7FF4C5AEDDE946
:1079E400134ADDE9203B03EBC4032093249BDDF819
:1079F400549003EBC4032493259B19F0010F03EB6C
:107A040044030BEB840B25930AEBC40A48D0129A67
:107A1400249B96081B6800F0B4800D9805EB86073C
:107A240055F8042BD0F800C044684FEA32210830DE
:107A34002FFA82F22FFA81F12CFB023324FB01335B
:107A4400BD42EDD10D9A02EBC6020D92129A12F0CC
:107A5400030213D00D9C97F900102088012A10FB13
:107A640001330BD097F901106088022A10FB01330F
:107A740004D097F90220A18811FB0233BBF900203E
:107A84002099DAF800000968152A60DC002A4EDD26
:107A94005B0053FB0103134103F30703259A13709F
:107AA400002017B0BDE8F08F039A46F8043FA242C5
:107AB4007FF407AE17E6002D15DD5BF8043C5AF899
:107AC400040C490051FB0301294101F307035BB294
:107AD40071E7002D17DD5B0053FB07632B4103F3B4
:107AE40007035BB24DE7C5F10105A94001F31F018E
:107AF4005BF8043C51FB13F15AF8043C0B4403F3C8
:107B040007035BB257E7C5F1010003FA00F000F385
:107B14001F0050FB17F0304400F307035BB230E75B
:107B24003446DEE60D982E464FF0000998E6C2F181
:107B34000102934003F31F0353FB11F3034403F3C4
:107B44000703259A0020137017B0BDE8F08F951E27
:107B54000124013AAC4053FB01431341034403F3B2
:107B64000703259A0020137017B0BDE8F08F0D9914
:107B7400CDF800E03B4600F0E5F8002017B0BDE882
:107B8400F08F2F4662E700BF884221D002B38842BB
:107B940013D3032A1DD8013A10F8013B01F8013B25
:107BA400B2B110F8013B01F8013B012A00F08880D2
:107BB40010F8013B01F8013B704783188B42E8D968
:107BC4000A4413F9011D02F8011D9842F9D17047C6
:107BD40070472DE9F04301F0030ECEF10403A2EB4C
:107BE400030C00F00308CEF1030210F8013B01F886
:107BF400013B82B110F8013B01F8013B012A0AD094
:107C040010F8013B01F8013BBEF1010F03D010F85D
:107C1400013B01F8013BC6452AD05FEA1C120AD099
:107C240050F8043B50F8044B50F8045B50F8046BD4
:107C340078C1013AF4D11CF0080F04D050F8043B89
:107C440050F8044B18C11CF0040F03D050F8043B47
:107C540041F8043B1CF0020F03D030F8023B21F83A
:107C6400023B1CF0010F01D003780B70BDE8F083D8
:107C74005FEA9C190ED088468646BEE8FF00A8E855
:107C8400FF00BEE8FF00A8E8FF00B9F10109414682
:107C94007046F0D11CF0200F07D088468646BEE817
:107CA400FF00A8E8FF00414670461CF0100F01D009
:107CB40078C878C11CF0080FC5D018C818C1C2E72D
:107CC400704700BF5FFA80FC03029BB24CEA006C71
:107CD4004CEA030C030410B403F47F038C074CEA4E
:107CE400030C06D05AB301F8010B8B0702F1FF32E3
:107CF400F8D11309C2F3810402F003024BB141F835
:107D040004CB41F804CB41F804CB41F804CB013B4C
:107D1400F5D14CB141F804CB012C05D041F804CB8A
:107D2400022C01D041F804CB4AB101F8010B012A1D
:107D340005D001F8010B022A01D001F8010B5DF80E
:107D4400044B7047F0B59708BDF914602CD000EBD4
:107D540087058E4650F804CB2FFA9CF4D4FA03F42A
:107D64002FFA8CFCDCFA03FC8542CEF800C0CEF876
:107D740004400EF1080EEDD101EBC70112F003022D
:107D840011D095F9000073B2C01A012A08800AD0F4
:107D940095F90100022AA0EB0300488003D095F96D
:107DA4000220D31A8B80F0BD0546E7E72DE9F04F9A
:107DB400CBB09B463A92BDF87431579ABDF86071C6
:107DC400BDF864612E9002FB03F31D93DDE9633279
:107DD4008A46BDF870112791BDF878110B91002ADD
:107DE40018BF13466099BDF86C216393BDF86831E0
:107DF400249311F0010118BF02332D9218BF0232EF
:107E040002FB03F32593569B3891012B40F3058322
:107E14001D99249CA1F110031B0903F10108579B30
:107E240003FB07F0569B0590023B5D08A31E4FEA37
:107E3400530E0B9BC1F3810201FB03FC0B090C9352
:107E44000692430001F0030207921C9303FB0EF217
:107E5400559B4092043303EB8502609B3D9203F0F3
:107E64000202259B1A925B0004F001023F93279BB8
:107E740039924FEA8C023C925A1A0D92559A2C92DE
:107E8400549A04322B92629A04322A923A9A02F158
:107E9400040903FB06F23E92569A02FB04F23B925B
:107EA40021F00F020F920C9BCDF8DC909A01069BF7
:107EB4000E9201F00C0214921A01079BDDF87C91DA
:107EC400CDF8CCA09B0010934FEA081326934FEAF9
:107ED40088134FEA4C0E3693431ECDE9425ACDF82F
:107EE400A0B013921293E246F34644962C9AB2F948
:107EF4000030B2F902201B922B9A1E9352F8041CF4
:107F0400126820922A9A1F91152B52F8041C1268A9
:107F14002191229200F34C85002BCCBF0023012336
:107F24005B4218931B9B152B00F31C85002BCCBFC5
:107F3400002301235B421993649B002B00F01885F6
:107F44000023CDE94833B9F1000F40F021854B46B9
:107F54004A46379850F8041C1144026848911A4460
:107F64002D9B4992002B00F02D821E9A28992F9167
:107F74000123023A03FA02F230921B9A3191023A37
:107F84009340249A329313460333CB183493CDE9A8
:107F940045AB13460020013A0233299023924193C2
:107FA40035904797CDF87C91359B013335931A9BD7
:107FB400002B00F073832F9B349A3899002918BF43
:107FC40013469A46249B012B40F36E832E9B299AD9
:107FD40003EB0208079B013B4FF00009119357463E
:107FE4000B9ADDE94835C646002A00F05483CDE9F2
:107FF40015870022DDF88CC1CDF85C902C4619461B
:1080040093460C9A002A00F0A5800598CDF828C064
:10801400CDE908BE90460EEB000762460598D2F8FB
:1080240004A0D2F808B0D2F80C90A7EB000E1068A8
:10803400DEF800C02FFA8CF62FFA9CFC26FB0033E6
:108044002CFB0A3326FB0B562CFB0966D7F800C021
:108054002FFA8CF52FFA9CFC25FB001025FB0B4511
:108064002CFB0A001169D2F814A02CFB0955DEF888
:1080740004C0D2F818B0D2F81C902FFA8CF42FFA5E
:108084009CFC24FB01332CFB0A3324FB0B642CFBE8
:108094000944D7F804C02FFA8CF62FFA9CFC26FB6F
:1080A400010126FB0B562CFB0A11106AD2F824A0FE
:1080B4002CFB0966DEF808C0D2F828B0D2F82C9060
:1080C4002FFA8CF52FFA9CFC25FB00332CFB0A338A
:1080D40025FB0B452CFB0954BD682FFA85FC2FFAB0
:1080E40095F52CFB00102CFB0B6625FB0A00D2F83F
:1080F40030C0516B25FB0966DEF80C50D2F838907D
:10810400D2F83CE02FFA85FA40322FFA95F52AFB93
:108114000C3325FB01332AFB094A25FB0EA5FC6819
:108124002FFA84FA2FFA94F42AFB0C0C2AFB096A1E
:1081340024FB01C124FB0EA4B8F1010807F11007C8
:108144007FF46CAFDDE908BE0F9ADDF828C09644D1
:108154000E9A9444069A002A00F0A780DEF80020C4
:10816400DCF80060DCF80480DCF80890DCF80C70C3
:108174002FFA82F02FFA92F220FB063322FB083307
:1081840020FB095022FB0700059D5EF805202FFA0D
:1081940082F52FFA92F225FB061125FB094522FBF5
:1081A400081122FB0752069C012C78D0DEF80450FB
:1081B400DCF81040DCF81480DCF81890DCF81C7053
:1081C4002FFA85F62FFA95F526FB043325FB0833A1
:1081D40026FB090625FB076505980EEB0006D6F875
:1081E40004A02FFA8AF02FFA9AFA20FB041120FB3C
:1081F40009242AFB08112AFB0744069A022A50D0B4
:10820400DEF80800DCF82070DCF82480DCF828A014
:10821400DCF82C902FFA80F22FFA90F022FB07332F
:1082240020FB0833089322FB0A5220FB0920B36881
:108234002FFA83F22FFA93F322FB071722FB0A4249
:1082440023FB087123FB0924069B032B00F0A08168
:10825400B046DEF80C30DCF83020DCF834502FFA6D
:1082640083FE8946DCF83860DCF83C702FFA93F31F
:1082740008992EFB021C23FB05CC2EFB060E23FBC8
:1082840007E3D8F80C302FFA83F02FFA93F320FB8E
:10829400029220FB064023FB052523FB070305462A
:1082A4001446149A9644139A9444079A0AB3129E55
:1082B4000EEB0609119E0CF104020EF1FF300EEBD9
:1082C400060A10F9016F32F9048C32F9027C08FBBA
:1082D400063307FB065519F9016F824502F10402C2
:1082E40008FB061107FB0644EBD1079A9644109A43
:1082F40094440D9A96440B9A0BF1010B5A457FF462
:1083040080AEDDE91587DDF85C901A9A002A40F00A
:108314007281189A002A40F0588121985A00490025
:108324001F9B52FB030251FB03011E9B1A4102F3E4
:10833400070252B2194101F3070149B2199B002BFC
:1083440040F02D816B006000229D209C53FB045360
:1083540050FB04501B9C234103F307035BB22041F1
:1083640000F3070040B23A70569AB9547B70BB18B8
:1083740007EB420758701C9B9844239B09F10209A0
:108384009945FFF62DAE399BBA46002B40F09681F5
:10839400299B3E9A13442993249A2F9B13442F9389
:1083A4003B9A319B13443193419A349B1344349345
:1083B400359A2D9B93427FF4F7ADDDE945AB479F9A
:1083C400DDF87C91339B5B4433931A9B002B00F0C4
:1083D400F382289B3F9A13442893649B1BB1639BAD
:1083E4003C9A134463932B9A2C9B08322B922A9A1F
:1083F40008322A92379A083237923D9A04339A42C5
:108404002C937FF473AD429DDDF80CA1449EDE46AF
:1084140005FB0EEEDDF8A0B0F244569BDB0740F1FD
:10842400B3802D9B002B00F0AF80609A579B569928
:108434002E98CDF83CA002F00208279ADDF82CA073
:10844400DDF87CE1CDF81C8007FB03F906FB02F79D
:108454001D9ACDF83890104401F180423A99DDF824
:108464007490013A01EB82010891549901EB820165
:108474000A91629901EB82010C91569901F1004233
:108484005599013A01EB4201099124995B46CA1CB2
:108494009C180A465699951C01FB02F10D9522463B
:1084A4005D4600268C46044607990136002900F0F3
:1084B400AC82389900290CBF19461146249800282B
:1084C40059D0CDE910C400201393279B069005943E
:1084D4000B9212973046089A1468BAF1000F1CD018
:1084E400DDF814C0DDF83C8014910027B9F1000FC9
:1084F400ACEB09010CDD08F1FF3611F9012B16F97B
:1085040001BFA2EB0E0261450BFB0244F5D1C84446
:108514000137BA459C44E9D11499099AB2F900602B
:108524000A9AD2F800C00C9A152E176840F35782A5
:10853400A6F102080122013E02FA08F854FB0C8459
:1085440034413C4404F3070464B2079A0C70002AD3
:1085540000F042820131059C0E9E069A3444059433
:10856400249C013294420692B5D1DDE910C40B9AE1
:10857400129F139B064624990B440D990A442D9986
:10858400B14265443C448FD100204BB0BDE8F08F2C
:10859400149A089B9644139A0546944485E601333D
:1085A40046D02098329E55FB006354FB00601B9C10
:1085B400229D013C23412B4403F3070320415BB27A
:1085C400284400F3070040B2CDE6013249D01F9899
:1085D400309E53FB00621E9B51FB0061013B2198BE
:1085E4001A41024402F30702194152B2014401F351
:1085F400070149B2A2E6CDE90231189B01937E1C22
:10860400219B00933846DDE91E23314600F0D4FB5C
:10861400199B0193229B0093259B1B9AF818F11830
:10862400BB1C1F46CDE90254209B00F0C5FBA2E60B
:108634001B9BC3F101039D4005F31F05209E55FBC1
:1086440016F504FA03F000F31F0050FB16F0229C09
:10865400631903F307035BB2204400F3070040B23D
:1086640081E61E9AC2F1010203FA02F000F31F0030
:108674001F9E50FB16F001FA02F303F31F0353FB92
:1086840016F321990A1802F3070252B20B4403F3BA
:10869400070359B252E62C46194636E6249BDDF808
:1086A400C4A0012B3FF792AC399B002B3FF470AE72
:1086B4002E9A2999DDE948380A4408E0299B409A12
:1086C4009A181C9B1A442E9B1A44DDE948380B99CE
:1086D400002900F0D68093461D9ADDF88C91D11EB6
:1086E400043ACDE9152A0024119121461D9A0F2A36
:1086F4005C4640F3F980269A0BEB02054A46206853
:108704002FFA80F62FFA90F0176826FB0733576884
:1087140020FB0737936826FB0386D36820FB036698
:1087240063682FFA83F02FFA93F3D2F810C020FB7A
:108734000C77D2F814C023FB0C7C976920FB0760EC
:10874400D66923FB0606A0682FFA80F32FFA90F06F
:10875400176A23FB07C7D2F824C020FB0C7C976A56
:1087640023FB0763D66A20FB0630E768136BD2F855
:1087740034A0D2F83880D2F83CE02FFA87F61034CF
:1087840040322FFA97F726FB03C327FB0A3326FB55
:10879400080627FB0E68AC42B1D1369A269E914456
:1087A400119A964280F29E80159ACDF828B0971BB4
:1087B400BF08CDE9081607F1010C05EB8C0E4846FD
:1087C4000468D0F804B0D0F808A0C66855F8042BA3
:1087D4002FFA82F110302FFA92F221FB043422FB9B
:1087E4000B4321FB0A8122FB06187545E8D1DDE91C
:1087F4000816DDF828B0043609EB0C1906EB8706D9
:108804001D9CB44234DD9EF90020B9F8000010FB31
:108814000233B9F8020010FB0288721C944223DD73
:108824009EF90120B9F8040010FB0233B9F80600E0
:1088340010FB0288B21C944216DD9EF90220B9F89E
:10884400080010FB0233B9F80A0010FB0288F21C7E
:10885400944209DD9EF90320B9F80C0010FB0233A1
:10886400B9F80E0010FB02881D9A961B09EB8609C5
:10887400279A93440B9A01318A427FF437AFDDF88B
:1088840058A01A9A002A49D12C9AB2F900002B9ABE
:1088940052F8041C2A9A152852F8042C34DD861E3A
:1088A400441E0120B04053FB01032341134403F34E
:1088B40007035BB28AF800302C9B2B9AB3F9023081
:1088C40011682A9A152B126811DD9C1E581E01236B
:1088D400A34058FB01330341134403F307038AF80D
:1088E400013055E5AE468BE75D46002658E7002B80
:1088F4002ADD4FEA480050FB012242FA03F303F356
:1089040007038AF8013043E5002859DD5B0053FB77
:108914000123034103F307035BB2CBE70193189BE5
:108924000093DDE91E12219B504600F013FA199BB7
:108934000093259B209A1B99CDF804800AEB030031
:10894400229B00F007FA23E5C3F1010308FA03F3BD
:1089540003F31F0353FB11F3134403F307038AF8D0
:10896400013015E501231993649B002B7FF4E8AAD9
:1089740033981D9B009301460B9B639A514400F06E
:10898400D1FA0023CDE94833B9F1000F3FF4DFAA4F
:1089940049AB1D9A00930B99639848AB00F066FAB3
:1089A400489A499B02FB09F203FB09F3FFF7D1BA8A
:1089B40001231893FFF7B6BA289B023328930CE5DA
:1089C400C0F10100834003F31F0353FB11F313446D
:1089D40003F307035BB26DE7569A1144BBE5002E1F
:1089E40007DD640054FB0C74344104F3070464B2DF
:1089F400ABE5C6F10106B44004F31F0454FB1CF4B8
:108A04003C4404F3070464B29FE5294656E500BFDD
:108A14002DE9F04F93B0CDE90101BDF874C00F9377
:108A240011469DF88820BDF878E0239C4FEA5C034A
:108A3400002A00F06D811C9880B204EB000B002B1F
:108A440000F0D180400004904FEA9E0005460EF0ED
:108A5400030005902098039500F1080921980A93D2
:108A640000F1080828010790DDE902505E1E05EBBD
:108A7400C00001F11007B6B208900598019D239437
:108A840007EBC606CDE90B1C1F9F0696CDE90DE248
:108A9400800001F1080604370990A24656F8083C04
:108AA4001193039C56F8043C11991193119A002CCC
:108AB40000F02C8102980196A6462B460C461646D9
:108AC400D0F800C0196821FB0C415A6822FB0C62E3
:108AD400D0F804C09C68DE680830103324FB0C1402
:108AE40026FB0C26BEF1010EEAD1079B32461D443B
:108AF400019E089B2146059C0CB3B3F90000B5F810
:108B040000C010FB0C11B5F802C0012C1CFB0022A4
:108B140013D0B3F90200B5F804C010FB0C11B5F87A
:108B240006C0022C1CFB002207D0B3F904302889AC
:108B340010FB0311688913FB0022099B1D4437F9BC
:108B4400040C59F808EC58F808CC152840F3A38015
:108B5400831E0124013804FA03F351FB0E3303414D
:108B6400634403F307035BB28AF8003037F9020C5D
:108B7400152840F3A08058F8043C811E01240138D4
:108B840004FA01F159F8044C52FB04120241134453
:108B940003F307035BB28BF80030049B9A449B44B5
:108BA400069B08369E4207F1040709F1080908F1FB
:108BB40008087FF473AF0A9B0498239C019503FB78
:108BC40000441F9800EB83001F902098DDE90B1CE4
:108BD40000EBC30020902198DDE90DE201EBC30115
:108BE40000EBC30321931CF0010F49D05FEA9E08F8
:108BF4000B6800F0AC80019D02984FEAC80705EBB2
:108C0400C8082E686968D0F80090083526FB093337
:108C14004668083021FB0633A845F2D1029939444D
:108C240002911EF0030113D0029EB8F800003588AB
:108C3400012915FB00330BD07588B8F8020002290E
:108C440015FB003304D0B8F80400B18810FB0133DD
:108C54001F992098B1F9001005682198152900681A
:108C64005FDD8F1E4E1E0121B94053FB05133341B6
:108C7400034403F307035BB2214601F8013B0C46AE
:108C8400002A47D01C9B0CFB03F3C3F10103E0183B
:108C940013B0BDE8F08F00281BDD4B0053FB0EC35F
:108CA400034103F307035BB28AF8003037F9020C7F
:108CB40015283FF760AF002818DD59F8043C58F830
:108CC400041C520052FB0312024102F307035BB27D
:108CD40061E7C0F1010301FA03F303F31F0353FB3C
:108CE4001EF3634403F307035BB23DE7C0F10100E5
:108CF400824002F31F0259F8043C52FB13F258F865
:108D0400043C134403F307035BB244E7029BF2E61B
:108D1400012092E60F9BA3EB0C03E01813B0BDE80F
:108D2400F08F002907DD5B0053FB05030B4103F3C0
:108D340007035BB2A0E7C1F101018B4003F31F03FA
:108D440053FB15F3034403F307035BB294E7DDF825
:108D5400048066E730B4029C5CB9039C4FEA440C7F
:108D64005CFB02330B4103F307035BB230BC0370BB
:108D74007047013410D0A1F1020C01240139039D84
:108D840004FA0CF455FB02420A41134403F30703AB
:108D94005BB230BC03707047039CC1F1010104FA5B
:108DA40001F101F31F0151FB12F2134403F3070312
:108DB4005BB230BC0370704770B5DDE90445C5B9DA
:108DC400069D4FEA450C079D5CFB034C4FEA450E9C
:108DD4004CFA02FC5EFB03430CF3070C4FFA8CFCC9
:108DE40043FA02F202F3070252B280F800C00A709A
:108DF40070BD01351CD0A2F1020C0125013A069E7A
:108E040005FA0CF556FB035C4CFA02FC079E56FB74
:108E14000353A4440CF3070C43FA02F24FFA8CFCFC
:108E2400224402F3070252B280F800C00A7070BDF7
:108E3400069DC2F1010205FA02FC0CF31F0C5CFB57
:108E440013FC079D05FA02F202F31F0252FB13F30F
:108E5400A4440CF3070C4FFA8CFC234403F30703DC
:108E64005AB280F800C00A7070BD00BF2DE9F04FFF
:108E74000E1E99464CDD0023951002F003044FEAC0
:108E84000518A7009A469B4645B300F11002AE466A
:108E940032F9081C32F910CCAAEB010132F90EACFC
:108EA400ABEB0C0CACEB0A0C32F906AC32F90ABC95
:108EB400A1EB0A0132F90CACACEB0A0C32F904ACAC
:108EC400A1EB0A0132F902ACBEF1010EACEB0B0BC3
:108ED400A1EB0A0A02F11002DAD1404474B1021D76
:108EE400214632F904CCABEB0C0B32F902CC01393C
:108EF400AAEB0C0A02F10402F3D1384401339E4276
:108F0400C2D1099BC9F800B0C3F800A0BDE8F08F36
:108F14004FF0000A099BD346C9F800B0C3F800A07B
:108F2400BDE8F08F2DE9F04F87B0002BDDF84080CD
:108F3400029340F3ED80A8F110031B0901330F469F
:108F440019019B0116460493A8F103024FF0000E89
:108F5400A8F104030D46039205937146B8F10F0F6F
:108F640040F3DB80441933463A46D0F800E0D2F8A7
:108F740000C04FEA3E292FFA8EFEC3F800E02FFA14
:108F840089FEC3F804E04FEA3C2E2FFA8CFCC3F8A8
:108F940008C02FFA8EFCC3F80CC0D0F804E0D2F855
:108FA40004C04FEA3E292FFA8EFEC3F810E02FFAD0
:108FB40089FEC3F814E04FEA3C2E2FFA8CFCC3F868
:108FC40018C02FFA8EFCC3F81CC0D0F808E0D2F801
:108FD40008C04FEA3E292FFA8EFEC3F820E02FFA8C
:108FE40089FEC3F824E04FEA3C2E2FFA8CFCC3F828
:108FF40028C02FFA8EFCC3F82CC0D0F80CE0D2F8AD
:109004000CC01030A0424FEA3E2902F110022FFAA0
:109014008EFE03F1400343F810EC2FFA89FE43F867
:109024000CEC4FEA3C2E2FFA8CFC43F808CC2FFAB8
:109034008EFC43F804CC98D1049B2F441E44AE46C6
:10904400039B734567DD059BA3EB0E094FEA990962
:10905400CDE9001909F1010A4FEA8A0B04EB8A00F1
:109064003346BC4654F8041B5CF8042B84424FEA94
:10907400312903F110032FFA81F12FFA89F943F80A
:10908400101C43F80C9C4FEA32212FFA82F22FFA7B
:1090940081F143F8082C43F8041CE3D1DDE90019FD
:1090A4000EF1040E06EB0A165F440EEB890EF04532
:1090B40029DD90F90030338097F9003073800EF188
:1090C4000103984519DD90F90130B38097F9013017
:1090D400F3800EF1020398450FDD90F902303381DD
:1090E40097F9023073810EF10303984505DD90F979
:1090F4000330B38197F90330F381A8EB0E0E70446B
:10910400774406EB8E06029B01318B427FF426AF37
:1091140007B0BDE8F08F2046C9E704464FF0000EC3
:109124008EE700BF2DE9F04F87B08046DDF840C0E0
:10913400DDF844A000EB0C04481021D0CDE903086D
:10914400464655464FEA4C094FEA8C0B07460591B3
:1091540090469A462A4621463046CDF800A043461A
:10916400FFF7E0FE013F5D444C444E44F2D1DDE99B
:109174000308DDE910CA059900FB0BAA00FB098866
:10918400CB0709D5BCF1000F06DDC44418F9013B37
:109194002AF8023BC445F9D107B0BDE8F08F00BFFF
:1091A4002DE9F04F86B09DF8587000910392002F7E
:1091B400059318BF0123109C04FB033304930F9DF4
:1091C40014BF2F4601270197BDF844305B0800F017
:1091D4009F80DDF850B0139A02EB83030293DDF80D
:1091E40048E0039F5FEA9E08DDF800C057F8046B6F
:1091F40057F8043B03971A46314622D05CF81E7098
:109204005CF8049B50F804AB50F8045B2AFB096635
:109214002AFB071125FB093325FB07225CF81E7086
:109224005CF8049B50F804AB50F8045B2AFB096615
:109234002AFB071125FB093325FB0722B8F1010896
:10924400DCD10EF003078FB13CF91E803CF902AB70
:1092540030F9025B30F9029B0AFB056609FB0A330D
:1092640008FB051109FB0822013FEDDCDDF84CA0E9
:10927400159F3AF9024B57F804CB5BF8045BC4F131
:10928400150999EA040940F3C8804FEA46064FEAF3
:10929400410156FB05C651FB05C146FA04F641FAE5
:1092A40004F13AF9024B57F804CB5BF8045BC4F1C0
:1092B400150999EA040940F399804FEA43034FEAF8
:1092C400420253FB05C352FB05C243FA04F342FABC
:1092D40004F206F30706DDF80490179CDDF810800D
:1092E4002670A04401F3070188F8001003F3070374
:1092F40004F8093002F3070208F8092004EB4902D4
:109304001792CDF84CA0029C1597A2457FF467AF45
:10931400119B13F0010354D0BDF848E0039BDDF822
:1093240000C019685FEA9E070CEB4E040E4615D088
:109334005CF81E505CF8048B50F804AB50F8043B06
:109344002AFB08662AFB05115CF81EA05CF8048B56
:1093540023FB086623FB0A11013FE9D11EF0030732
:109364000BD03CF81E303CF8029B30F902AB19FBE1
:109374000A66013F13FB0A11F3DCDDF84CA0159FCC
:10938400BAF90040D7F800C0DBF80050C4F1150961
:1093940099EA040958DD4FEA46064FEA410156FBB3
:1093A40005C651FB05C146FA04F641FA04F106F379
:1093B4000706179A049C167001F307011155019BC7
:1093C4001A441199169B109C33B10F9B04F10200AF
:1093D40003FB1100104406E0A2EB0100059A04F11E
:1093E400020402FB040006B0BDE8F08F002C42DD4D
:1093F4004FF0010909FA04F94FEAA90953FB05934F
:109404004FEA430343FA04F3634452FB05924FEAE1
:10941400420242FA04F262445BE7002C3CDD4FF066
:10942400010909FA04F94FEAA90956FB05964FEA1E
:10943400460646FA04F6664451FB05914FEA41019B
:1094440041FA04F161442CE7002C36DD4FF00109A8
:1094540009FA04F94FEAA90956FB05964FEA4606AC
:1094640046FA04F6664451FB05914FEA410141FA7C
:1094740004F161449BE7C4F1010903FA09F303F31E
:109484001F0353FB15F302FA09F202F31F0252FB06
:1094940015F2634462441CE7C4F1010906FA09F6B3
:1094A40006F31F0656FB15F601FA09F101F31F0135
:1094B40051FB15F166446144F3E6C4F1010906FA6F
:1094C40009F606F31F0656FB15F601FA09F101F336
:1094D4001F0151FB15F16644614468E7C0F343433F
:1094E400022B55D02D4A20F07E43934210D021DC2C
:1094F4002B4A93420CD00FDD2A4A934208D002F53E
:10950400FA32934204D0284A93420CBF13464023B4
:1095140000F0D04018437047A2F580629342F7D020
:109524002CDD224A00F0D04093420CBF1346402366
:10953400184370471E4A9342EAD010DD1D4A9342F5
:10954400E6D002F2F1729342E2D0A2F500629342B5
:109554000CBF1346402300F0D04018437047A2F2DA
:1095640087329342D4D002F560729342D0D0A2F5F0
:10957400806293420CBF13464023C9E7A2F5806280
:109584009342C5D0803293420CBF13464023BFE7B9
:10959400094B034043F48023BAE700BF4010820024
:1095A40040080400401004004F080400470404006D
:1095B400470484004F088400FF3F8000D1B1C0F30A
:1095C400C61303FB01F1C0F3434C6FF4887242FAF3
:1095D4000CF20731C0F34150D20721F0070121FA00
:1095E40000F15ABF43FA00F08340002307311944C5
:1095F400C80870470846704769B1C0F3C61301FB39
:1096040003F3073323F00703C0F3415023FA00F0B8
:109614000730C00870470846704700BF120242EA8C
:10962400014242EA0060704710B48369C46841692A
:109634001B68E068074AC9685DF8044B23F07E4361
:1096440023F4000301FB00F0934204BF0730C00879
:10965400704700BFC00004002DE9F04F8BB09A465C
:10966400179B13F5807F8946174684460AFB02F14F
:1096740080F2B78301294FF4807B40F2BB83189BAF
:10968400CDF80C90CDE901BCCDE9047A043B4FF050
:10969400000E4FF080489946169B15980EFA03F178
:1096A400159B49424B40DB0F002BD44B12BF4FF0AC
:1096B400FF324FF080430022C0FB0132002A04DA5B
:1096C4006FF000415B1842F10002DB0F43EA4203F2
:1096D40043F07F42540104F180544FF0000C4146A2
:1096E400C4FB041CBCF1000FA2EB03024FEAE475B7
:1096F40005DA6FF00040081801464CF1000CC90F60
:1097040041EA4C01A1FB01074FEAEC7C10F18040D7
:1097140001FB0CFA47EB4A07002F06DA6FF0004A08
:1097240010EB0A0A504647F10007C00F40EA470011
:10973400871054BF4FF0010A4FF0020A00F00300F3
:10974400824581EA04004FEAD070B8BF013700288F
:10975400AA4801FB05F504FB0C5514BF84464FF0E1
:10976400804CA1FB040B14BF4FF0FF3A4FF0000AEA
:109774005D4410EB0C0045EB0A05002D06DA6FF092
:10978400004C10EB0C0C604645F10005C00F40EA9C
:1097940045003844C50F002D994E984D12BF4FF027
:1097A400FF374FF080450027C0FB0657002F05DA2E
:1097B4006FF000402818054647F10007ED0F45EA11
:1097C40047052944481002D4C90748BF0130204442
:1097D400C10F00298B4D894912BF4FF0FF344FF060
:1097E40080410024C0FB0514002C05DA6FF0004012
:1097F4000818014644F100048248834EC90F41EA27
:109804004401081800210F464546C0FB0657C2F321
:109814000064013CED0F044045EA470542F3006053
:109824007A4E284060400F464546C0FB0657C2F3B7
:109834004064013CED0F044045EA470542F34060B3
:10984400734E284060400F464546C0FB0657C2F39E
:109854008064013CED0F044045EA470542F3806013
:109864006C4E284060400F464446C0FB0647C2F396
:10987400C065013DE40F054044EA470442F3C0607B
:109884002040654E85EA00040F464546C4FB065752
:10989400C2F300700138ED0F45EA4705204042F35A
:1098A40000742C405D4F60408C464546C0FB075C0D
:1098B400C2F34074013CED0F044045EA4C0542F309
:1098C4004070284060404546F224C0FB0451ED0F2F
:1098D40045EA4105C2F38071B3FA83F342F380721F
:1098E40001395B0901402A404A40591E5B420A4043
:1098F40023F00043534049F8043F019B0EF1010E4D
:1099040073453FF6C9AEDDE902C9DDE9047A9B4639
:10991400002F00F09981149B03FB0AF3BAF1000FA6
:1099240000F0928109EB0A02149C04924D46002235
:109934000997D146CDE90532E246CDF81CC0089519
:10994400AC46012C9CF9001040F243820CEB090256
:10995400012392F9000001338142B8BF01469C42C1
:109964004A44F6D10025189E62462B4692F900001F
:10997400081A584503F101034A440DDA56F8200049
:10998400071340F2FF7EC0F30B0048BF4FF4006E94
:109994007045C8BF01373D449C42E7D1002D00F01B
:1099A4001B82B5FA85F0854005F10042D317029079
:1099B400B3F1FF3F08BF002DC0F12300019000F078
:1099C400538112F1004243F10005520842EAC57284
:1099D400134B03926D10504203FB0500A2FB0336A8
:1099E400064406481B1866F10006002E1ADA6FF0CA
:1099F40000401818034646F1000613E0010000C0B9
:109A0400ABAAAA2A94A8F5707BBEAF63F2CBA24D91
:109A14006CAC162FA4AA5211B72A580211FE0A00E0
:109A2400C4C3C3C3DB0F43EA460000F15A30C31773
:109A340000FB05F602FB0366A0FB027317F18047E7
:109A440046EB0303FF0F47EA4307C7F1005797EAC2
:109A5400000F80FB073640F19D81CC4FDB1966F186
:109A64000006002EC0F29D81DB0F43EA4603B3F1EA
:109A7400604F4FEA830600F39B8100F10040C61754
:109A840002FB06FEA2FB003700FB05EEBE44BF4FFF
:109A9400DB196EF10007002F06DA6FF0004E13EBAE
:109AA4000E0E734647F10007DB0F43EA4703B74F37
:109AB400C3F100534FF0FF3E03FB06F64FEAE37891
:109AC40000FB0866A3FB0038DB19464446EB0E0690
:109AD400002E05DA6FF00047DF193B4646F1000619
:109AE400DB0F43EA4603B3F1005F80F24581B3F133
:109AF400604F00F36C8100F1004393EA020F40F1E0
:109B0400FB8003FB05F5D81702FB0050A3FB0225DD
:109B140005449E48121865F10005002D05DA6FF022
:109B240000401018024645F10005D20F42EA4502F2
:109B3400C2F10050954A4FF0FF35C0FB0325002DBC
:109B440005DA6FF000401018024645F10005D20F07
:109B540042EA4500B0F1604F00F3B58203F10042E0
:109B64005E00B2F1404FD8BF4FF00046019B1F2B5F
:109B740005DD029BC3F104031E411F230193002C46
:109B840065D0019B4FF0010E0EFA03FE0EF1FF3E6D
:109B94004FEA6E080022CDE90118104698462FE0DE
:109BA400189D55F8237087EA0603DB0F002B774BCB
:109BB40012BF4FF0FF354FF080430025C6FB073539
:109BC400002D04DA6FF000415B1845F10005DB0F4E
:109BD400B74243EA450379D053FA08F516D4029FF5
:109BE40003EA0E039F427EDA0135FE2D00F38280E4
:109BF400803D6DB2013084420AF802504A440DD0CF
:109C04001CF902300199CB1A5B45C9DB6FF07F0563
:109C1400013084420AF802504A44F1D1049B0CF109
:109C2400010C9C450AF1010A7FF48BAEDDE9053293
:109C340004991944DDE907C5049109990132914257
:109C44001D449C447FF476AE0BB0BDE8F08F049BBA
:109C54000CF1010C9C450AF1010AE7D003202023F2
:109C6400CDE901039CF9001049484FF0FF3200236D
:109C740015464FF0804E0393C617A2FB003802FB33
:109C840006F713EB0E0E00FB0577039B474447EBE7
:109C94000307002F734606DA6FF0004E13EB0E0E27
:109CA400734647F10007DB0F43EA4703C3F1005350
:109CB40080EA0307FF0F002F18BF4FF0FF3E334F1A
:109CC40004BF4FF0000E4FF08047F5E6B6F1004FA9
:109CD40082D12EF000434FEA6E076FF000459F4299
:109CE40045FA08F580DBFE2D04DC002D80D16FF0F1
:109CF4007F058DE77F257DE74FF080400026DF1745
:109D040003FB05F502FB0755A3FB022712183D448C
:109D140045EB0605002D05DA6FF0004010180246E9
:109D240045F10005D20F42EA4502C2F1005282EA2F
:109D34000300C00F0028154812BF4FF0FF354FF045
:109D440080400025C3FB0205002D05DA6FF00042B8
:109D54008218104645F10005C00F40EA4500B0F1F5
:109D6400005FFFF6F7AE6FF000463344B3F1804F67
:109D7400BFF6FCAE5E00F9E66FF00043034492EADE
:109D8400030FB9D501484FF0FF36B8E7010000C012
:109D9400B6B4B4B413F1804346F10006002EBFF606
:109DA40063AE6FF00047DF193B4646F100065BE601
:109DB400304480EA0203DB0F002BC84B0DBF0023A5
:109DC4009E464FF0FF334FF0804E039354E79B00C1
:109DD400D4E7002C7FF4C6AD03222023CDE9012370
:109DE40042E70129C3F1000B04D9BBF1000F7FF452
:109DF40046AC8DE5149B99F9002003FB01F1012980
:109E040040F25B8109F1FF344B46601813F9015F9E
:109E1400AA42B8BF2A468342F8D1CDE903C96318E0
:109E2400CDE9057AA0460193924618F9016FAAEB91
:109E34000606B34540F23881169B159806FA03F2DC
:109E4400159B52425340DB0F002BA44B12BF4FF023
:109E5400FF314FF080430021C2FB0031002905DAB5
:109E64006FF000429A18134641F10001DB0F43EAF8
:109E7400410343F07F414D0105F180550293C91A16
:109E840000244FF08043C5FB0534002C4FEAE57CE9
:109E940005DA6FF000401818034644F10004DB0FA4
:109EA40043EA4403A3FB0307E41710F1804003FBD8
:109EB40004FE47EB4E07002F06DA6FF0004E10EB5E
:109EC4000E0E704647F10007C00F40EA47008710A6
:109ED40054BF4FF0010E4FF0020E00F00300704526
:109EE40005FB04F085EA03044FEAD474C8BF0137C4
:109EF400002C7A4C03FB0C0014BFA4464FF0804C9A
:109F0400A5FB034914BF4FF0FF3E4FF0000E484439
:109F140014EB0C0440EB0E00002806DA6FF0004C42
:109F240014EB0C0C644640F10000E40F44EA4004D6
:109F34003819C40F002C6A4A684C12BF4FF0FF371F
:109F44004FF080440027C0FB0247002F05DA6FF072
:109F540000402018044647F10007E40F44EA470490
:109F64002344581002D4DF0748BF01302844C30FEC
:109F7400002B5C4A594B12BF4FF0FF344FF0804323
:109F84000024C0FB0234002C05DA6FF000401818DE
:109F9400034644F100045348534FDB0F43EA4403A0
:109FA4001818029B0024B3FA83F24FF080439E46B4
:109FB400A446C0FB07ECC1F300657746013DFF0FE3
:109FC400054047EA4C0741F300603840474F68407A
:109FD4009E46A446C0FB07ECC1F340657746013DAD
:109FE400FF0F054047EA4C0741F340603840404FBB
:109FF40068409E46A446C0FB07ECC1F380657746E3
:10A00400013DFF0F054047EA4C0741F380603840AB
:10A01400384F68409E46A446C0FB07ECC1F3C065B8
:10A024007746013DFF0F054047EA4C0741F3C06006
:10A034003840314F68409E46A446C0FB07ECC1F34C
:10A0440000757746013DFF0F054047EA4C0741F391
:10A0540000703840294F68409E46A446C0FB07EC78
:10A06400C1F340757746013DFF0F054047EA4C07B1
:10A0740041F3407038406840F225C0FB0534DB0FE3
:10A0840043EA4403C1F38074013C41F380715209F3
:10A0940019400440531E6140524222F000420B40DA
:10A0A4005340189A42F82630019B98457FF4BDAE80
:10A0B400DDE903C9DDE9057A2AE400293FF428AC87
:10A0C40009F1FF34A9E603EB8002B2F1804F4FEAB5
:10A0D4004206FFF646AD6FF0004647E5010000C0BA
:10A0E400ABAAAA2A94A8F5707BBEAF63F2CBA24DAB
:10A0F4006CAC162FA4AA5211B72A580211FE0A00FA
:10A104002DE9F04F9DB09B462A9B002A00F017834F
:10A114001446269A02FB0BF2BBF1000F00F00F83EA
:10A12400269D1B94043B139303EB85030493D946A8
:10A134000023AA4601EB0904CDE91642CDE9190131
:10A144001893129183465346129A012B107811905A
:10A1540040F2A78302EB090101220C780132A042EC
:10A16400B8BF204693424944F7D1299A119002443A
:10A1740003920022DDE912EA0192CDF850B0CDF845
:10A18400089015935FE1119A27999B1A289A934096
:10A19400279A5A40D20F002AC24A0BBF4FF0804080
:10A1A400104600224FF0FF32C1FB0302002A05DAF9
:10A1B4006FF000414118084642F10002C00F40EA26
:10A1C4004200279A9A4200F04B8140F07F425401AA
:10A1D400121A04F180544FF080430026C2F34078F1
:10A1E40008F1FF31C4FB0436C2F3807C0C91002ECD
:10A1F4000CF1FF310B9105DA6FF0004159180B4651
:10A2040046F10006DB0F43EA4603A3FB0317F617E8
:10A2140011F1804103FB06F947EB4907002F1D4666
:10A2240006DA6FF0004911EB0909494647F10007C6
:10A23400C90F41EA4701C8F100070797CCF10007AD
:10A2440004FB06F60D97E71703FB076683EA040889
:10A25400A4FB03C33344C2F34066013E0896C2F331
:10A264000076013E0E96C2F38066013E069642F3E6
:10A274004066C2F3C06B0A9642F3006609960BF17E
:10A28400FF360596CBF100065FEAA109C2F3006729
:10A294000F9642F300764FEAD87807F1FF3701F0C2
:10A2A4000301109642F3806254BF4FF0010B4FF04C
:10A2B400020B5945C8BF09F101097A49B8F1000FE9
:10A2C4000ABF4FF080414FF0FF384FF000081CEBFD
:10A2D400010143EB0808B8F1000F05DA6FF0004301
:10A2E400CB18194648F10008C90F41EA480149440E
:10A2F400CB0F002B6C4E6B4B12BF4FF0FF3C4FF05B
:10A3040080434FF0000CC1FB063CBCF1000F05DAA2
:10A314006FF0004159180B464CF1000CDB0F43EA77
:10A324004C031D446B1002D4ED0748BF0133234492
:10A33400D90F002918BF4FF0FF345A4904BF002435
:10A344004FF08041002800F086805848C3FB001479
:10A35400002C05DA6FF00043CB18194644F10004D1
:10A36400C90F41EA440101F1E2414FF0804300206A
:10A374004F4EA1F52521A1F26C711C460546C1FB87
:10A384000645E40F099E44EA45040F4026407E40FA
:10A39400484F089C19460546C6FB0715C90F41EAF4
:10A3A40045010A9D444F0D4034402946614006460C
:10A3B4001C46C1FB0746069DE40F44EA46040D40D3
:10A3C4003E4E22406A4019460546059CC2FB0615CE
:10A3D4001440C90F0F9A3A4E41EA45010A406240BF
:10A3E400194605460E9CC2FB06151440C90F109A67
:10A3F400344E41EA45010A406240194605460C9C28
:10A40400C2FB06151440C90F079A41EA45010A40E8
:10A414006240F2210B9CC2FB01301440DB0F0D9A09
:10A4240043EA40031A40134663401A13190548BF10
:10A4340001320199114401914AF8043F029B9E4460
:10A44400049B9A4548D09EF80030039A9A427FF7BD
:10A454009AAE0023F0E74FF400226FF00043E8E7E0
:10A46400B2F1004F7FF4B1AE4FF0FF360021CDE9D9
:10A474000911CDE90F11144C144DDFF858C0144BD9
:10A484000C966FF000400B964FF40039884637461F
:10A49400089605960A4606960E9607910D914FF07A
:10A4A400010B06E7010000C0ABAAAA2A94A8F57024
:10A4B4007BBEAF63F2CBA24D6CAC162FA4AA521193
:10A4C400B72A580211FE0A00E0FFFF0FF8FFFF0150
:10A4D400FFFF1F0000010040019ADDF850B0DDF8D5
:10A4E4000890159B002A00F08381B2FA82F802FAE0
:10A4F40008F101F10042D017B0F1FF3F08BF002975
:10A50400C8F1230600F0778112F1004240F1000007
:10A51400520842EAC072B449B44F4010544201FB9D
:10A524000044A2FB0115C9192C4464F10004002C59
:10A53400944605DA6FF000454D19294644F10004AC
:10A54400C90F41EA440101F15A31CC1701FB00F76C
:10A5540002FB0477A1FB024514F1804447EB050597
:10A56400E40F44EA4504C4F1005494EA010F81FB6A
:10A57400047540F12A819D4C3C1965F10005002DBC
:10A58400C0F22A81E40F44EA4504B4F1604F4FEA73
:10A59400840500F3788101F10041CC17934F01FB4E
:10A5A40000F502FB0455A1FB024EE419754465F164
:10A5B4000005002D05DA6FF00047E7193C4645F128
:10A5C4000005E40F44EA4504C4F10055874C4FF0FC
:10A5D400FF37C5FB0147002F05DA6FF00045651909
:10A5E4002C4647F10007E40F44EA4705B5F1604FF4
:10A5F40000F35D8101F1004191EA0C0F40F1BD804F
:10A604007A4D01FB00F0CC1702FB0400A1FB0227EA
:10A614005219384460F10000002805DA6FF0004553
:10A6240055192A4640F10000D20F42EA40026F4811
:10A63400C2F100524FF0FF3502FB04F4D71701FBBF
:10A644000744A2FB012712183C4444EB0504002CE8
:10A6540005DA6FF000401018024644F10004D20FEE
:10A6640042EA4402B2F1005F7FDAB2F1604F00F3D4
:10A67400208101F100424800B2F1404FD8BF4FF0B1
:10A6840000401F2E03DDC8F1040210411F26002BD9
:10A6940040D00127B740013F5C46CDF804B0DFF855
:10A6A4004CC1139DDDF810B04FEA67086FF0004EFF
:10A6B40082460BE03A40404690424FDA0131FE298F
:10A6C40051DCC9B25D4521704C4421D055F8040FCA
:10A6D40080EA0A02D20F002A15BF62464FF0804278
:10A6E4004FF0FF310021C0FB0A21002903DA12EBED
:10A6F4000E0241F10001D20F504542EA410221D03D
:10A7040052FA06F1D6D500215D4521704C44DDD1C5
:10A71400DDF804B0129A169901328A4212920BF1B2
:10A72400010B7FF411AD9A46189B1B9C179ADDE927
:10A73400190101339C42114410447FF4FBAC1DB059
:10A74400BDE8F08FBAF1004FDAD127F0004278105B
:10A754006FF00041904241FA06F1AFDBFE2902DCC2
:10A764000029AED1AEE7FF21ACE76FF00040014411
:10A77400B1F1804F85DA480083E74FF08045002728
:10A7840001FB00F0CC1702FB0400A1FB022C5219C0
:10A79400604440EB0700002805DA6FF000455519C6
:10A7A4002A4640F10000D20F42EA4002C2F10052B0
:10A7B40082EA0100C00F002818BF4FF0FF350B4894
:10A7C40004BF00254FF0804036E717F1804445F17F
:10A7D4000005002DBFF6D6AE6FF00047E7193C46E2
:10A7E40045F10005CEE600BFC4C3C3C3010000C0E9
:10A7F40003264FF020084FF0FF32334910469446A9
:10A804004FF080474FF0000ACC1701FB00F502FB24
:10A814000455A1FB024EE419754445EB0A05002DCD
:10A8240005DA6FF00047E7193C4645F10005E40FEF
:10A8340044EA4504C4F1005484EA0105ED0F002DF7
:10A84400224D12BF4FF0FF374FF080450027C1FB68
:10A854000457002F05DA6FF000442C19254647F100
:10A864000007ED0F45EA4705B5F1005FFFF6BEAE00
:10A874006FF00045294491EA0C0F7FF57EAF134D2C
:10A884004FF0FF377CE7294481EA0204E40F002CEF
:10A894000E4F12BF4FF0FF3A4FF080474FF0000ABF
:10A8A400B2E7002BA4D0299A0244039261E4AD00DC
:10A8B400E0E701EB8202B2F1804F4FEA4200FFF67B
:10A8C400DBAE6FF00040DCE6B6B4B4B4010000C007
:10A8D400024B0146186800F025B800BFA40C002004
:10A8E40070B50F4E0C463168054611B900F0B6FA42
:10A8F40030602146284600F0B1FA431C03D14FF0E2
:10A90400FF34204670BDC41C24F00304A042F8D0D8
:10A91400211A284600F0A2FA0130F2D1EFE700BF75
:10A924002C3000202DE9F843CD1C25F00305083513
:10A934000C2D38BF0C25002D064601DBA94204D995
:10A944000C2333600020BDE8F883DFF8D48000F0E6
:10A9540069F8D8F800301C4644BB29463046FFF756
:10A96400BFFF431C044658D1D8F800402746002FA7
:10A9740043D1002C4BD023683946304604EB0309FD
:10A9840000F06CFA814542D121686D1A294630469F
:10A99400FFF7A6FF01303AD023682B442360D8F890
:10A9A40000305A6862BBC8F800700FE02268521B7E
:10A9B40020D40B2A17D96119A342256018BF596006
:10A9C400636808BFC8F8001062514B60304600F05D
:10A9D4002FF804F10B00231D20F00700C21A1CBF3E
:10A9E4001B1AA350AFE76268A3420CBFC8F800204B
:10A9F4005A60EBE723466468AEE73C467F68B6E7F7
:10AA04001A465B68A342FBD100235360DEE70C23A4
:10AA14003360304600F00CF894E70560D6E700BFD9
:10AA240030300020014800F066BA00BF74310020C5
:10AA3400014800F061BA00BF74310020002310B552
:10AA44000446C0E90033C0E904338360818143666E
:10AA5400C2818361194608225C3000F0C2F90D4BB3
:10AA640063620D4BA3620D4BE3620D4B23630D4BED
:10AA740024629C4206D003F16802944202D0D0338F
:10AA84009C4205D104F15800BDE8104000F032BAF0
:10AA940010BD00BF2DAD00084FAD000887AD000804
:10AAA400ABAD000834300020024A0349034800F0EB
:10AAB40069B800BF980C00209DB00008A80C0020C5
:10AAC40041680C4B994210B5044601D000F0E4FAF9
:10AAD400A168094B994202D0204600F0DDFAE168F2
:10AAE400064B994204D02046BDE8104000F0D4BA89
:10AAF40010BD00BF343000209C3000200431002001
:10AB040010B50B4B0B4C0C4A1A6020460022042152
:10AB1400FFF794FF04F1680001220921FFF78EFF7B
:10AB240004F1D0000222BDE810401221FFF786BFD5
:10AB34006C31002034300020ADAA0008014800F038
:10AB4400DAB900BF75310020014800F0D5B900BF63
:10AB54007531002010B50446FFF7F0FF236A1BB1DE
:10AB6400BDE81040FFF7F0BF044B2362044B1B68A1
:10AB7400002BF5D1FFF7C4FFF2E700BFC5AA000818
:10AB84006C3100202DE9F843074688461446002618
:10AB9400D4E90195B9F1010905D52468002CF7D150
:10ABA4003046BDE8F883AB89012B07D9B5F90E30DF
:10ABB400013303D029463846C04706436835E9E7E0
:10ABC4002DE9F7431D46574B1F6804460E46904631
:10ABD40027B13B6A13B93846FFF7BCFFB8F1020F3F
:10ABE40006D0B8F1010F00F29A80002DC0F29780D0
:10ABF400636ED90705D4A3899A0502D4A06D00F029
:10AC04007AF92146384600F047FA616B41B104F104
:10AC14004403994202D0384600F070F9002363637C
:10AC24000023A3616360A3891B0603D52169384609
:10AC340000F064F9A38923F44A6323F00303B8F111
:10AC4400020FA38161D001AB6A462146384600F069
:10AC54004BFAA3891843A0812DBB009D2846FFF71A
:10AC640037FE0646002852D1DDF80090A94540D1B0
:10AC74004FF0FF35B4F90C3043F00202A2810022F8
:10AC8400A26004F147022260226101226261626EC5
:10AC9400D60704D4980502D4A06D00F02DF92846F7
:10ACA40003B0BDE8F083002ED8D03B6A13B9384610
:10ACB400FFF750FFB8F1010F08BFA389266004BF56
:10ACC40043F00103A381B4F90C3013F00802C4E982
:10ACD40004651ED0D90741BF00226D42A260A56160
:10ACE40058BFA560626ED20701D49B0513D5002519
:10ACF400D5E74846FFF7ECFD06460028B8D0A389FF
:10AD040043F08003A3814D46CFE70025B2E7A9466F
:10AD1400F5E7A260E6E7A06D00F0EEF8E7E74FF094
:10AD2400FF35BCE7A40C002010B50C46B1F90E1099
:10AD340000F082F80028ABBF636DA3891B1823F4CD
:10AD44008053ACBF6365A38110BD2DE9F0411F465C
:10AD54008B89DB0505460C46164605D5B1F90E1060
:10AD64000223002200F056F8A389B4F90E1023F44C
:10AD74008053A38132463B462846BDE8F04100F0AB
:10AD84007DB810B50C46B1F90E1000F043F8431C21
:10AD9400A38915BF606523F4805343F48053A381D2
:10ADA40018BFA38110BDB1F90E1000F023B888427A
:10ADB40010B501EB020402D98442234607D8431E8E
:10ADC400A14208D011F8012B03F8012FF8E702443F
:10ADD40001468A4200D110BD13F8014D02F8014D1D
:10ADE400F7E702440346934200D1704703F8011B7E
:10ADF400F9E7000038B5064D0023044608462B60E9
:10AE0400F5F7E6FE431C02D12B6803B1236038BD7D
:10AE14007031002038B5074D04460846114600221B
:10AE24002A601A46F5F7F0FE431C02D12B6803B1E1
:10AE3400236038BD7031002038B5074D04460846FC
:10AE4400114600222A601A46F5F789FE431C02D1F6
:10AE54002B6803B1236038BD7031002038B5064D2E
:10AE64000023044608462B60F5F7DCFE431C02D1A0
:10AE74002B6803B1236038BD7031002038B5074D0D
:10AE840004460846114600222A601A46F5F784FE55
:10AE9400431C02D12B6803B1236038BD70310020FC
:10AEA400014B1868704700BFA40C002070B50D4D0D
:10AEB4000D4C641BA4100026A64209D10B4D0C4C6A
:10AEC40000F04AF9641BA4100026A64205D170BD07
:10AED40055F8043B98470136EEE755F8043B98478C
:10AEE4000136F2E7C8C90008C8C90008C8C9000883
:10AEF400CCC90008704770477047000038B5054654
:10AF0400002941D051F8043C0C1F002BB8BFE418B1
:10AF1400FFF788FD1D4A136833B96360146028463F
:10AF2400BDE83840FFF784BDA34208D92068211842
:10AF34008B4201BF19685B6809182160EDE71A4666
:10AF44005B680BB1A342FAD911685018A0420BD127
:10AF540020680144501883421160E0D118685B688E
:10AF6400536008441060DAE702D90C232B60D6E75B
:10AF7400206821188B4204BF19685B68636004BFB2
:10AF8400091821605460CAE738BD00BF3030002082
:10AF9400B1F90C202DE9F041160705460C4654D4AE
:10AFA4004B68002B02DC0B6C002B48DDE66A002E9C
:10AFB40045D0002312F480522F68216A2B6030D0D0
:10AFC400626DA389590705D56368D21A636B0BB107
:10AFD400236CD21A0023E66A216A2846B047431C30
:10AFE400A38906D129681D292BD82A4ACA40D60725
:10AFF40027D500226260D9042269226004D5421C4C
:10B0040001D12B6803B96065616B2F60B9B104F19C
:10B014004403994202D02846FFF770FF002363637C
:10B024000DE001232846B0470246501CC9D12B68C5
:10B03400002BC6D01D2B01D0162B1ED12F60002053
:10B0440022E043F040031BB21BE00F69002FF6D04F
:10B0540093070E6808BF4B690F6018BF0023A6EB67
:10B0640007088B60B8F1000FE9DD216AA66A434640
:10B074003A462846B047002808DCB4F90C3043F0BF
:10B084004003A3814FF0FF30BDE8F0810744A8EBF3
:10B094000008E7E70100402038B50B6905460C4677
:10B0A40013B90025284638BD18B1036A0BB9FFF758
:10B0B40051FDB4F90C30002BF3D0626ED00704D4E8
:10B0C400990502D4A06DFFF716FF28462146FFF725
:10B0D4005FFF636EDA070546E4D4A3899B05E1D4D8
:10B0E400A06DFFF709FFDDE770B50C46B1F90E104E
:10B0F400002996B015461E460DDAA38913F0800F79
:10B104004FF0000114BF40234FF4806300203160EE
:10B114002B6016B070BD6A4600F00CF80028ECDB1A
:10B12400019901F47041A1F50053594259414FF47A
:10B134008063EBE738B5074D002304460846114603
:10B144002B60F5F751FD431C02D12B6803B123603A
:10B1540038BD00BF70310020F8B500BFF8BC08BC92
:10B164009E467047F8B500BFF8BC08BC9E467047C1
:10B1800041492072756E206572726F722E0D0A0031
:10B190004465636F646564204368617261637465CC
:10B1A000723A20000D0A0000496E707574206275B5
:10B1B000666665723A2000002000000053746172D8
:10B1C00074696E67206E657572616C206E65747748
:10B1D0006F726B20696E69742E0D0A0041492069F7
:10B1E0006E6974206572726F722E0D0A0000000085
:10B1F0004D6F727365206465636F6465722072655C
:10B200006164792E0D0A000001000000A0200000FA
:10B210000100000001000000010000008013000098
:10B22000010000000100000000000100500C00209F
:10B23000000001007C0C00203F414243444546474A
:10B2400048494A4B4C4D4E4F505152535455565706
:10B2500058595A20000000000000000000000000C3
:10B2600001020304060708090000000001020304AC
:10B270009915783C8000000070B2000874B2000894
:10B280000500010078B20008873FC03B14C6083CA7
:10B29000418EF73A7CFEAF3B0835893C4426133C8F
:10B2A0006CE06C3C8090133C49A6883CCD2DC63B9D
:10B2B0002D6B043CF184083C8BADB43B0E7DBB3A56
:10B2C0005E22C93B7DD4083C000000000000000065
:10B2D000000000000000000088B20008C8B20008AA
:10B2E00005001000D8B2000889F8C33D80000000B6
:10B2F000E8B20008ECB2000805000100F0B2000856
:10B300009915783C8000000000B3000804B30008E1
:10B310000500010008B30008C2C53F3CC375483CA6
:10B3200085D5093C16F8813C8DAC183C4831803CF1
:10B33000DDE22C3CA340233C1ED9123CE3305C3CB4
:10B340001EA72B3C1CF6EC3CB11DC13AEBC2393CAC
:10B350004CEBF43B6731253C0CD1673C639F0C3DC3
:10B36000CB09A93A6F400E3DDAB9113CAFE0343C4D
:10B3700070E8C63B8D06363C52E7183C670BBE3C76
:10B380009533C83CDE6B0B3D57851E3C55BF5F3C7B
:10B39000B2F9603CE741273C0000000000000000DB
:10B3A000000000000000000000000000000000009D
:10B3B000000000000000000018B3000898B3000867
:10B3C00005002000B8B3000879D1853D8000000059
:10B3D000C8B30008CCB3000805000100D0B30008D2
:10B3E0002DBBC83C43C1163BC280243C82D3C53B25
:10B3F0007D19283B4156323B6B2A3D3C76D11A3BA6
:10B40000CAAC1D3B1704293B5168483CD50AAC3CEB
:10B41000C75A243B09122E3C96C5763CD4310E3CCB
:10B4200007E8893C7A2AFC3C9EBF1B3BA287283B4D
:10B430008CEE603C0872283CBAF6A33C4E1F213BC0
:10B4400080887D3CB15A283CEB748F3C5ED3EE3B48
:10B450006F5F083B718E293BABC5253C79AB993CAE
:10B4600000000000000000000000000000000000DC
:10B4700000000000000000000000000000000000CC
:10B48000E0B3000860B400080500200080B40008A4
:10B49000BF766C3F6600000090B4000894B40008CA
:10B4A0000500010098B40008B9DB6A3C8DF6C23C87
:10B4B000ACE1B83C87028F3C83B0933C4C6BA73C1B
:10B4C000B347C93C9BADBB3C2C0F963CC4B5C53CB7
:10B4D000A15AFE3C0017933C7249E13C5499A13CAF
:10B4E00073C0A93CE1BEBA3C0FC30A3D398FDC3CB6
:10B4F0002A95033DCD0DEA3CF99FAA3CEBD1923C45
:10B50000AED9C23CA118053D12FBD23C90A2CF3C63
:10B510004135A73C34D3E93C0000000000000000A6
:10B52000000000000000000000000000000000001B
:10B5300000000000A8B4000818B5000805001C00B1
:10B5400034B500080000803B8000000044B50008CE
:10B5500048B50008050001004CB5000889F8C33D56
:10B56000800000005CB5000860B50008050001001F
:10B5700064B500082D63B43C8000000074B5000879
:10B5800078B50008050001007CB500089915783CE5
:10B59000800000008CB5000890B50008050001008F
:10B5A00094B500088180803B80000000A4B50008AD
:10B5B000A8B5000805000100ACB50008805F3B7627
:10B5C0001A000000E1FFFFFF4010840003000000AC
:10B5D000BCB50008BCB500080400000064070020EA
:10B5E00004000000CC070020040000002C0800200C
:10B5F000040000008008002004000000F008002083
:10B600000400000070090020800000004004840055
:10B610000100000008B6000808B600080400000099
:10B62000EC09002004000000600A00200400000073
:10B63000E00A002000000000000000000000000000
:10B640006026D87F595881206E909886F5810A9699
:10B650006BBB187F8127172681418B8181828128CE
:10B660001525810E607F4EFF4B3C4A81FF77872C6A
:10B67000897F8170D95ED848667F393D5E4D6A7892
:10B680007F8CBAB981A20052AE3B7F02115D7F5D13
:10B690006DFFFFFFDBFFFFFFDDEEFFFF9FFFFFFF03
:10B6A000991700006D3B0000661C00002701000098
:10B6B000831600004EFFFFFFEFFFFFFF791300002E
:10B6C000D40000000000000098FFFFFF4C2E000097
:10B6D0001229F7150BB6FDF9EF1C3FEE06F70A0627
:10B6E000256F0A46F2AF062A0A2B55231BF72517AA
:10B6F000287FF40CF0A2F622393433101E011B0A05
:10B70000065FFF010CC00EF01E3E2803FBF80BF095
:10B71000FE40042506AD0AFCF31720FA000200FDE6
:10B72000E8E6F40A331E220C07E9060BFA0CE90BD3
:10B730000AF0F5E6161419F92002C6090109FDFF01
:10B74000E505001408250EFE03E9F9000302F404E0
:10B75000F681F6E123200E0A1BF2DB05F5FAE70F6E
:10B7600007E8FF0715231CE9F7FEE8FEF9FC0D16B4
:10B770001EA903F106261AFE17F9B70A15FC1D06C5
:10B78000DACE0518342A1B10F7CBE5F609EEED20CA
:10B790000B8101C8142D11F918E7DB15F2EFE30155
:10B7A00007C3F60819191C00EEF0C71408FE00FDC7
:10B7B000E2A9F4D9361E091C27ECCC02EEF7EA0602
:10B7C0000263F90A1BC318FE052732F0F20113F6D3
:10B7D000136BFC2711C9FD051425380000F71CFA6E
:10B7E000177FFD280FC100111335370010FF1F14FC
:10B7F0001178FA2C14B80A121E38310B06071E09EC
:10B800000F640A0908B200FE0E181FF7030004FABD
:10B81000269E02D7011F0EDF16F0A80011FA0B1F9B
:10B82000DAD0031831232D0402E0F60C020AD52EDB
:10B83000FF81FDE3203A0AEA21D7B600FFF6E20DC8
:10B84000EDCC03032B3614FD06ECD10FF201F920E9
:10B85000E7AFFCD7221F340A34F0D714FBF2D3151C
:10B860000D5A011913C51104052624F8FFFD06F829
:10B87000FC7FFF1331BA200D0C133308FB090B05B5
:10B880000074090917BD0CF7122F31FAFD0914F4E1
:10B89000F57509171EC016F20B2334EEEA060AFBF3
:10B8A0001565F8180EC7FFFD0723380401060A0ABC
:10B8B000F32906001C9916DD181A2EFAE8090CF572
:10B8C0000A69061413BD0C0B00223AF703F607FFB2
:10B8D000267F0C380EAA160B2728471A05032C1BA7
:10B8E00019660D19FB9D121435303809070017F839
:10B8F0000954F5FD27AC1DF1FD3126E1E90AFAEA0C
:10B900000345060F1BC724F90F1D1CE9F60209F5B4
:10B91000FD46000417A620F41D331EE3E9FEF1E7FF
:10B92000FC2C0A11129016F409412AFFFB08211180
:10B93000134C0340099E08150E0E3E211207231AD0
:10B940000F55FB09ED81FB0F212D34FBFFF704F3AD
:10B950001498F7F0341D39F032EBC01608FA0021C4
:10B96000FEB708FD123D20FDEEC2ED05130D0B18CC
:10B97000ED81F2DD272038EF2BD8B2FDEBFBD70F9E
:10B98000FDABF903174221E401E3C8130FF3F725D8
:10B99000DAA50AC94630250B2BE9CF18E3EFE02BD7
:10B9A000DC95F6F22E271DEF0FF2E20AF005E11802
:10B9B000EB8607EE182E18EF08DAB601F906F71F26
:10B9C000E194F5E01D2411F819CBDAFCF204D71547
:10B9D000F481FD00162022FB19E1EB08F50C09208B
:10B9E00009D2F5FE232027090DFEF9170C09F925C8
:10B9F000EB3CF50C29A527F4131817EDF7F801E532
:10BA0000F943F523F5B61CF9FB261BF4FFFC0006F1
:10BA10001D6DFE2902891C050F37471304FD1F0603
:10BA20001361F705DB81E8203E25300E0008110583
:10BA30000A190206E48EF5ED001F14ECF605F8F481
:10BA40000BF5FB0AC629D505F5FCF9050EFD030D1E
:10BA50000DDDFB13812E860F03FC12111004090962
:10BA600013F8FC038214870B07070A130C05060B57
:10BA700009E2FB02BE0BC9090906FA121005090208
:10BA800006F7FCF7FD0A0D05FFF9020503010002A8
:10BA900007A5F9E4EEAFA7E43FAA07CEBA95045193
:10BAA000CE3D4518EBE34946B9A331EB242EECD645
:10BAB0000D6648C1ACC9F7A481B99BCAFF1315FB39
:10BAC000111A3ACCE1F1C604C0BFD952D8681CAFF4
:10BAD0009E34EDB92EFE0C1CC21895E5AE442141F2
:10BAE0001B39F92AFEC6F5FE11283F1015FD171265
:10BAF0000D7FF31002A9F71D25152F0E0EF8010179
:10BB000015340110FAAE0CF9194231FCFC0B19FA8C
:10BB10000F76F60F13AF18F6181540F1F10405FE75
:10BB2000053B03230CB10EF406272B05080407017F
:10BB3000EEF009EE020F0615E9F8E9F80A09FC34FF
:10BB4000F0C8FAEF504035FC0B04E720E2F6D41CB5
:10BB500015DA0105F326FCE5F5E0C8F207EF2C0045
:10BB6000B6B0F3D43219201721F1F213F8FAAD1E52
:10BB70002081F7FBF94D11F213F19FFCF7F91B0D32
:10BB8000E2DC08F62E2A250E01DBED1706FCFD206F
:10BB90000AA50DEA2E221D0523EEC514F8F6F30DB5
:10BBA000FAE00E000A2A08F3E9D6EDF309FE0B1BB2
:10BBB000EE81FDDD0C281C1617D8E90BF106DE0B13
:10BBC00010DEFC10283E25E6EA03D10712FE140D14
:10BBD00010CB0BF415080AF70602F5050806FC164B
:10BBE000F9BEF80A12240A0807ECEC0300FCF10184
:10BBF000F6C0F8D60D260EE707E5D203FF02F915C9
:10BC0000F5C906FC052104F705ECED0D0903F8154F
:10BC1000F881FDFA1C0F17FE14EBDA050007F9187E
:10BC200019D90302A3F3A1210F0602221B040A144F
:10BC300012D402FA810C831709FEE11D16040D03CC
:10BC400000BBFCDAD7FFE00FFDF2DE0F0B03FF04B1
:10BC5000F2CB039DEB00F0FD05D0B600FFFDCFEF6A
:10BC6000D1EAFD9DE72BECB7FCD294D7D3FFB8D235
:10BC700057E9EDD3E23CBD6892D3B3069D3D8B08F6
:10BC8000E9912479C19AF0ACAD3C1759BAF9038116
:10BC900070D8B3F8B13ACAC6510928AB9799162F94
:10BCA000B437B737F8408F590725924CEC1A77BD57
:10BCB000A839CA99D6D6BE98CEC09EA9ACB5A1B6B1
:10BCC0000509FF0EBB11C50AF1050F050801020C9D
:10BCD0000EEFFD1087438B0EFE0110131301100AA7
:10BCE00004D901F381098F0B13FBEE0B0800F6FB5F
:10BCF000FCE802E4F915FFF6EDF3E6FAFE02F3F5CF
:10BD0000E8D705DE201A25F9F7D4EAF4EB04E4EBD2
:10BD10000B340FFF06B10EEB1C251CFDEFEF0DE5FC
:10BD20001F60FD17F89DFF070F1C3414FFF11B1156
:10BD3000257E094BCA8AF12326495D2A0FF1282F57
:10BD4000267FF414D8A9E8253525431C18F01717C9
:10BD50000351FBF8E4B80BDD22412EE4EA100EEDAE
:10BD60000F350816EAA5F6F50E382DF6F3FC06EDAC
:10BD7000166C002924A7260F141A400305FE00188C
:10BD8000245EF330F499E503144246160EF51E09BD
:10BD90000D7FF2190F92181B1826360B0BF5210098
:10BDA000024DFC0B1A9A1EEC16363AEFF80B18E609
:10BDB0000CFAF61640352EE71E0E04061AEA19E6AE
:10BDC0000CFCF8F4132706FAE6E2D4E6F70F153375
:10BDD000CC22F4E97F2B5EF322EE220DCDF2C201DC
:10BDE00031D3E701E612DCC80BF3B80D270B23F8BB
:10BDF000D7510D01710060122ED22015DDEDC22E3B
:10BE0000F629FE0E00B109F60F2531EDF80C1AF0F7
:10BE10000A75071905B01808FB303EFAFCFC171F1D
:10BE20001860FD28E699E70B1F324F1B1FF21C0D0F
:10BE3000167F0C04E4AEF51D212232181A02150AF1
:10BE40001242040408910FF4012627F804F615EDB8
:10BE5000051D061DABAED71AEE13390215FA16FBF7
:10BE6000155712F581B0B31C230E111C18F313F4EF
:10BE7000FD34F2F2B6A4C5FF193206EAFBFE02FE5B
:10BE8000FB37042AE1AC04F9E91626F709F10A1692
:10BE9000FB30F719D989E9FEF7291A0214060507BC
:10BEA0000AD2FCDF0708090E1700F00E0C01F10C96
:10BEB000FBEE04990C1807D50CF78A06F2FEDD019B
:10BEC000BFC7FFF20F120B8101CF87FABF03CD0569
:10BED000FF9CFC0907080EEE0700EE0604000F0D9C
:10BEE00011E6FE160A08061804F9FF1613FB0C0CDF
:10BEF00006FB0306D71CE406F80111010101FEFD53
:10BF000007F8FB06A20AB90B080702060804030992
:10BF10000FFAFD0881FA9B090701030F0AFD0401CE
:10BF20000CFEFC0797E4AC0703120B0812FD040C8F
:10BF30000900040FC7D5D40D040C0A0610FD04082F
:10BF4000DBAD0105EE1FFBC7C2CECDD5DD01ECFA9E
:10BF5000EF92FCF7CB28D5FAD8D2DFFCFD03F0FD39
:10BF6000088F04F7A82CBA0EE7EDE50D10010209C1
:10BF700015C8FF0D810A8E1805F8031613FC100F63
:10BF800011DC030F9521971903060A1B15FC1315E5
:10BF9000F63308161A9C1EF1E22D32F0DD0715F378
:10BFA000036FEF410FB50927FA18470D1D0E1A153B
:10BFB00010790A02DDA5EBFF3E403C0D1AF711F5A2
:10BFC00003650FF708B41505133726EFE7FA1DF1DF
:10BFD000133A06160D8119E9E72836F8E6011B0128
:10BFE000185A0413F7CEED072128330412FA06F885
:10BFF0001270FA11FCC6F7F91D362BFA0A0714F273
:10C00000035C0713F7C207020F391DF1F00B08009C
:10C010000E7FF72E04D5050D1128420BFC0708FFF3
:10C020000D640A08F6C7F9FF091919F5F9000E049D
:10C03000054F050B1DC51BEEFF1B28F7FDFD0AF282
:10C04000025E031A1ABF02000A33350F0EF81812E7
:10C05000107F011004D10E0B1B332F060EF61B07A9
:10C060000077002012BE21071B382EFDFE0609F1C5
:10C07000F55AFE110BAF0CF8041E1BE7FE0A0CF874
:10C08000F2290806FFA8FFF2032A2DECFA0A09F7A5
:10C090002564FB40DDB7F820F82E4D0E060B191471
:10C0A0000E7FF21FC7B1D927382E2A1E20FC280088
:10C0B0000D5DF8FACBA5FE0033282F09F90815030A
:10C0C0001638FA1EF4A5FCFFFB252CEFEEF61C003B
:10C0D000160000003D0300003D050000AFFEFFFF1D
:10C0E0003B060000DEFEFFFFF003000043020000FD
:10C0F000B9070000E9050000C00200004E01000081
:10C10000E7FCFFFF60000000A904000086050000B6
:10C1100022040000BAFFFFFF52FDFFFF1C010000D8
:10C120001402000060FFFFFF05020000BC000000D9
:10C130005BFEFFFF0B03000091000000D200000037
:10C14000680100007EFFFFFFF3FFFFFF2D010000ED
:10C15000FAFCFD0D05170A0AFCFB10D1060DF6FFCF
:10C16000F938040009120F0BF700D8810E131AFEDC
:10C170001C710ACCE6B2CA6BBB064F45D1810C9745
:10C180004FFFD805CE3591FA889AA97386F00D5CD9
:10C190008902158DEF97B8A32009AC090DAB1D0AD4
:10C1A0002193EDD585840F8D9B08DFD6A7AFA9819C
:10C1B0005E99BC49A0793033909C28472741A7B7A6
:10C1C000A58FF81B6D6AF16D0DAB210B392D7F2BFF
:10C1D000EAFE19DDD74D9EFB9A8EF6A1D4E0746974
:10C1E000FC81A7EFC7554B97BBB7344B31E95718C4
:10C1F00082E412B008C8010D4FA01A2DC44B3914A7
:10C20000AEA6F8A33A2D81A4DA2830433B01E51B02
:10C2100006DDE7FAF7E60F1FDFFCFD40F711EAFD48
:10C22000E6360F7817FEDBFF1702287FF3FF0415B1
:10C23000B0E3BECB2F26475AC5D5699D68FFB4B47D
:10C240005143FEF9C7D1139B6E9F8F7F0470FBF1A2
:10C25000E5899787E50234C4B3BC2873B1903F6683
:10C2600053172F17B2390099C7A5C0FC94D081CAC3
:10C270000F8A9F92BEDE3BC9554FE8A1E7D8813EA9
:10C280009CBBF83C11A0F0CED60261C89E33A49EA0
:10C290001EE0F833EC1F3226F9F01720042DE3DD01
:10C2A000EA8114D90322DA1F28F72EF53531202F21
:10C2B0000F08042103351104FBF003C3F8110A0928
:10C2C000FC81099F0D0D021104E4E4C1061C170D49
:10C2D00039B081A94CDA99492C8AEB2EEFEC8AFB14
:10C2E0005A1F1F6637EBC5C21D5FB56BAE1A25A678
:10C2F000DF252EF324FBE3041E35DCE3EE0C3C15B6
:10C3000028F6FFD5F51034DACF07BE7FEDFDF4D364
:10C31000E91A08020508F1FC1B18F0D7ECFD030030
:10C32000037F0C0BE50319F4DA1ABBD6F6F7ECEE33
:10C33000CA172F8106EFB29013429B14E29D023C74
:10C340001201EB07CA970EA58F0ECBEF8FB4D192D7
:10C35000E51B19E211DAF3DF1814E81905EB2220C6
:10C360001AF1FFDAF6EF0FE7EB24157FFBF1F4EC9F
:10C3700004F503F404F2FC0002FE0430FCFAFA05B2
:10C380000075007F000200F407031AC003FBF4FCF1
:10C39000BDDF811629D9988890A2E3569DEDD95228
:10C3A0006CDBDABD8778CDBA7D991B3574E039E650
:10C3B0000183861EC09B46E91122BB519D5045F06A
:10C3C0009AFDBA5B299E01D2F851D8E8B4AE1F811C
:10C3D0002400EF16F41E2CFFE4F62328F107F0F4F6
:10C3E000EF81F7D10F1D061E05E014461C1E1A161C
:10C3F000F1120AC50F04E1CE2C33D598EDD1273ABE
:10C400002DEB1D81EFC910EACF2FB0E3BAC203C3F1
:10C4100003EE0901F9180208F5F4130B0507FD00F6
:10C42000013A09660CF8F20F01F215810DFF1011A7
:10C4300053D34B93DC5C6D9661AA66A9FA884DC113
:10C4400069BF49DB033CD28FB5B91A29052ACA81D5
:10C4500000051C062014F2091805EEEFF4FA031487
:10C460001CC90E9AF6FA16F8F1F40981EEFF1308CA
:10C470002B00EB33FA58392B01FB16810B09FEF226
:10C48000F0ECEAD512132F14FED3BEA21504380C1B
:10C49000EE0012F722D6E7E9251DEC18F3E20C13A3
:10C4A000127FFA46E4E902F9EF27F31BEDE7E5EE28
:10C4B000DC5351C75AC3DDAD613FB5DCDFDC494F0A
:10C4C0001A7FDDBAD0CC4DBFD354DBE1C0EFE4D648
:10C4D0002484444A97E5F64E299D6FFDE4F5898151
:10C4E000DAA8765DB8FC01E3ADD557D130B99D101F
:10C4F000AE1FCD98816869CAFC3F68B8CCF029F2BC
:10C500004A6DF22F2C169606250CCC11C29C209158
:10C510000FCBEE36D316362FCDD41F511131E60393
:10C52000D7811EF21F17D6141FED580F2E250E228D
:10C53000FA1705ED1CEEFCF61B08E7F203F91019DB
:10C540000EC601C308EBFBF20507037FF407EBF609
:10C5500060FFFFFFC8FFFFFF19010000F3FBFFFFB3
:10C56000E0FFFFFFDDFCFFFF5EFFFFFF8DFFFFFF32
:10C5700000000000B7FCFFFF51FFFFFF27FFFFFF98
:10C5800000FFFFFF4302000027000000D903000066
:10C590008F010000340000000000000099FFFFFF41
:10C5A0001A000000D9030000860000003EFFFFFFD4
:10C5B000EB0100006BFEFFFF82010000DA050000C6
:10C5C000E1FFFFFF3FFEFFFF38FFFFFF61010000BB
:10C5D00091EC19EAEA1084FEF9FC81C3F607131CFA
:10C5E000049C1210871DB10F0D990F10F201B80DA8
:10C5F0000CFDCFBEEFF9BD0003F5E4A00A0209BDB2
:10C60000050E0601CCAB030601ED1208FE0B81F707
:10C610000701F405F8FCD70BF6F30118FE018101C0
:10C6200001DA0A0606C8D109FA0CCBF5F50302F6C1
:10C63000F610E7130BF603F2FEEE051A0CF1940A5E
:10C64000F4060AF70CEA0711C1089A8112FD0CC121
:10C65000D510D3C0FFEEB8F50DF1FF16FD0696C15B
:10C660000CDBFA0A07819308FF020705FE0FF505A8
:10C67000E4F5B2DEFE00B0F7FB0E81F5F8060E041D
:10C6800003B5F4F28412BAF509E00B0CEF0DC509FD
:10C690001502F104F4018109FDF40017FDFABDF261
:10C6A000DD0000FA04D607FE040EDBFAF404009B5A
:10C6B000C1FAF00508FFFD00F7050209F8FD81F653
:10C6C000080401F707DCF304EDF1FEF3F3FF05F4D2
:10C6D0001E11DEB00D068106F905FB21F602F9C92F
:10C6E000EAB50EEEFFAED7F90E14DA0207FABEED88
:10C6F00005FAC7D50209BAFD06009B0FF50509909A
:10C7000001D1F50281099C090A05070805FDA90464
:10C710001406F30CFD0507F8FEFB0304FA85E9F6A1
:10C72000810805FE06F20DF7D001ACB9FD0108AD98
:10C73000E605EC0106F908F7020F018F02FB99F0FC
:10C74000040EF10A05DE0C0D81DC13F7EF0D03CDAD
:10C7500012F8F20607F78BFC01050215FFFB81F1C9
:10C76000EDEC0AF505DA0100050CCDF7030701DC55
:10C77000BD07D3A5F101090CF5FDF9AF0D00CFF50B
:10C780000B0EF7F0FCCFFFF5AA8117070EFDF6F4AC
:10C79000B9FDB5A0F304CC09F503F4E8F308F5A35B
:10C7A0000D000508FD958101FCD4110AF308A008CD
:10C7B000B6FCF20D04060CF8F50A05AAFECBCCF87F
:10C7C000010B0AF608FC0CF38199058DF6F50AA910
:10C7D0000CFFFC09FB08F80005070211FCE7C20783
:10C7E000C502FDFD05F90700F907D1C3040605815F
:10C7F000F602070F0BF80CFCFF0304E4F594DFF4DA
:10C80000B00804F409F30DFA81F8CAA006050BAAD2
:10C810000B02F1D001058101FD09FE0D08FFEDEAD3
:10C82000000305FE00AFFEF606050502F9FDF6F66B
:10C830000EF9E0BE0403D902FCFCF413FE0302C2AD
:10C84000FCE0030AF4FD8109090AFF0500098CFFD9
:10C85000BF0AADC90601FFF3FBF495A406080BA1BE
:10C860000A0BFAF590FD81FAE59D160D0A02A40661
:10C870001C0BE781F5FCC1090FF3F9F606FCFFCEAE
:10C88000F710FBFDF39A0FFEFF0713070406C6958A
:10C8900018FAEAFF0204D7FAFDF5FE1009F7F8F0DE
:10C8A000C509F705FECA0C01F90E06FBFFF5F98173
:10C8B0000E010000F8F8FE080609FFE9F8F2C9FACF
:10C8C000F408F7F601F40AFCF6FE0AFDF909018105
:10C8D00008F8050CFC0008FAF6FE03FEF8F5A3FDC7
:10C8E000F408F6FA07EC0AF98107FEC0FEFA07A180
:10C8F000F603011002040D08F6FC05DFF98FEC03C6
:10C90000A909060009ED0E0181F6CAAC0B020B9FC6
:10C91000EA0EEC11F6FBFC0FF2F4051B07F1A7F889
:10C92000F6F001F30AF3FA06E7098881F4F50BDA69
:10C9300081F90CF2F506B8020AFAC7B50A040A0E24
:10C9400003D0FC00C20FDB080788080805F7DF07E3
:10C9500020FFFFFFAD000000A5FFFFFF0800000063
:10C96000D600000026000000C8FFFFFF4D000000B9
:10C9700045FFFFFF2A000000DDFEFFFFAB000000C7
:10C98000CEFFFFFFAD0000008C010000950000000D
:10C99000A0FFFFFFE8FFFFFF3E0000009BFFFFFF3F
:10C9A000BF0000007D00000039FFFFFF42000000D3
:10C9B000CCFFFFFFD7FFFFFF82FFFFFF96FFFFFFC8
:08C9C0004438FF7F0100000074
:04C9C800B9010008A9
:04C9CC0095010008C9
:10C9D0000024F4001000000001000000400484085E
:10C9E000640000000000000000000000400484001B
:10C9F0004006000000000000000000004004840029
:10CA0000200300000000000000000000400484003B
:10CA100060030000000000000000000040048400EB
:10CA200040060000000000000000000040048400F8
:10CA3000200300000000000000000000400484000B
:10CA400020000000000000000000000040048400FE
:10CA500020000000000000000000000040048400EE
:10CA60001C000000000000000000000040048408DA
:10CA70001C000000000000000000000040048400D2
:10CA80005000000000000000000000004010840082
:10CA900010000000000000000000000040048400BE
:10CAA000000A0000000000000000000040108400A8
:10CAB000200000000000000000000000400484008E
:10CAC000000400000000000000000000401084008E
:10CAD000200000000000000000000000400484006E
:10CAE00080030000000000000000000040108400EF
:10CAF0001C00000000000000000000004004840052
:10CB000094010000000000000000000040048400C8
:10CB10000017000000000000000000004008840032
:10CB2000C000000000000000000000004008840079
:10CB3000AC00000000000000000000004010840075
:10CB40001F000000000000000000000001000000C5
:10CB500010000000010000000100000004000000BF
:10CB60000400000040000000400000000000000041
:10CB700000000001010400007C010020020400000C
:10CB80008C010020BC00002001000000100000000B
:10CB9000640000000100000001000000010000002E
:10CBA000100000004006000080B2000801000101F2
:10CBB00001040000B801002002040000C8010020A8
:10CBC0001C00002001000000940100000100000092
:10CBD00001000000010000000100000094010000BD
:10CBE00094010000000000000200000101040000A8
:10CBF000F401002002040000040200202C010020A7
:10CC0000010000000500000001000000100000000D
:10CC100001000000010000001000000050000000B2
:10CC2000E0B200080300010101040000300200200E
:10CC30000204000040020020AC00002001000000BF
:10CC400020000000010000000100000004000000BE
:10CC500004000000800000008000000000000000D0
:10CC600004000001010400006C0200200204000026
:10CC70007C020020DC0000200100000020000000F9
:10CC8000320000000100000001000000010000006F
:10CC90002000000040060000F8B200080500010175
:10CCA00001040000A802002002040000B8020020D5
:10CCB0004C000020010000001000000036000000C1
:10CCC0000100000001000000010000001000000051
:10CCD0006003000010B30008060001010104000019
:10CCE000E402002002040000F40200203C000020C6
:10CCF000010000000017000001000000010000001A
:10CD000001000000010000000017000000170000F3
:10CD100000000000070000010104000020030020C3
:10CD200002040000300300203C010020100000003D
:10CD300005000000010000002000000001000000CC
:10CD40001000000000020000000A0000C0B300084C
:10CD500008000101010400005C030020020400003F
:10CD60006C030020CC000020010000002000000027
:10CD700001000000010000000400000004000000A9
:10CD80008000000080000000000000000900000199
:10CD9000010400009803002002040000A803002002
:10CDA000FC00002001000000200000000100000045
:10CDB0000100000001000000010000002000000050
:10CDC00020000000D8B300080A000101010400009F
:10CDD000D403002002040000E40300207C000020B3
:10CDE00001000000C0000000010000000100000080
:10CDF000020000000200000080010000800100002D
:10CE0000000000000B0000010104000010040020DD
:10CE100002040000200400204C010020200000003B
:10CE200020000000010000000100000001000000DF
:10CE300020000000000400000004000088B4000886
:10CE40000C000101010400004C0400200204000059
:10CE50005C040020EC000020010000001C00000029
:10CE600001000000010000000400000004000000B8
:10CE70007000000070000000000000000D000001C4
:10CE8000010400008804002002040000980400202F
:10CE90001C010020010000001C0000000100000037
:10CEA0000100000001000000010000001C00000063
:10CEB0001C000000A0B400080E00010101040000E5
:10CEC000C404002002040000D40400208C000020D0
:10CED00001000000AC0000000100000001000000A3
:10CEE000020000000200000058010000580100008C
:10CEF000000000000F0000010104000000050020F8
:10CF000002040000100500205C0100202000000049
:10CF10001C000000010000000100000001000000F2
:10CF20002000000080030000800300003CB50008E2
:10CF300010000101010400003C0500200204000073
:10CF40004C0500200C010020010000001C00000026
:10CF500001000000010000000100000001000000CD
:10CF60001C0000001C00000054B500081100010165
:10CF7000010400007805002002040000880500205C
:10CF80009C000020010000001F00000001000000C4
:10CF90000100000004000000040000007C0000000C
:10CFA0007C000000000000001200000101040000ED
:10CFB000B405002002040000C40500206C0100201C
:10CFC0000100000020000000190000000100000026
:10CFD000010000000100000020000000200300000C
:10CFE0006CB500081300010101040000F0050020E9
:10CFF00002040000000600205C0000200100000088
:10D0000020000000010000001900000001000000E5
:10D010000100000020000000200000006CB50008A6
:10D0200014000101010400002C060020020400008D
:10D030003C0600205C0000200100000020000000F1
:10D0400001000000010000000100000001000000DC
:10D05000200000002000000084B500081500010138
:10D060000104000068060020020400007806002089
:10D070006C000020010000001000000032000000E1
:10D08000010000000100000001000000100000008D
:10D09000200300009CB500081600010101040000F7
:10D0A000A406002002040000B40600202C0000208A
:10D0B0000100000001000000010000006400000009
:10D0C000010000000100000001000000010000005C
:10D0D000B4B500081700010101040000E0060020BB
:10D0E00002040000F00600200C00002001000000F7
:10D0F00001000000640000000100000001000000C9
:10D10000010000000100000064000000B4B5000848
:10D1100018000101010400001C07002002040000A7
:10D120002C0700200C000020E404002098050020BB
:10D13000D405002001000000580700200000000076
:10D14000010000005C07002000000000000000005B
:10D15000602F002000000000010000006007002098
:10D16000000000000C010F000000000000000000A3
:10D17000000000009407002089500008D8B500087E
:10D18000C8B5000801000000F4030020E4040020FA
:10D190005C050020A80400202005002001000000FC
:10D1A000B80700200000000001000000BC070020BC
:10D1B0000000000002000000C00700200000000086
:10D1C00001000000C80700200000000004010E005C
:10D1D0000000000000000000000000009407002094
:10D1E000694E0008E0B5000888060020F40300201E
:10D1F0006C040020B803002030040020010000006F
:10D200001808002000000000010000001C08002099
:10D2100000000000020000002008002000000000C4
:10D2200001000000280800200000000004010D009B
:10D23000000000000000000000000000FC070020CB
:10D24000694E0008E8B500084C060020880600205A
:10D25000010000007808002000000000010000002C
:10D260007C0800200000000000000000642F002067
:10D270000000000000000000682F002000000000F7
:10D280000B010C0000000000000000000000000086
:10D290005C080020A5550008F0B50008010000005A
:10D2A0001900000001000000190000000104000046
:10D2B0006C2F002000000000C80200201006002093
:10D2C00001000000E808002000000000010000004C
:10D2D000EC08002000000000000000007C2F00206F
:10D2E0000000000000000000802F0020000000006F
:10D2F0000B010A0000000000000000000000000018
:10D30000B00800208D530008F8B5000802000000A6
:10D310000100000002000000010000000104000004
:10D32000842F00200000000004030020C802002019
:10D330007C0300208C02002000000000400300203D
:10D34000010000005809002000000000010000005A
:10D350005C090020000000000300000060090020BC
:10D3600000000000010000006C0900200000000027
:10D3700003010700000000000000000000000000A2
:10D3800020090020F14A000800B600080100000052
:10D39000000000000000000001000000010000008B
:10D3A000010000000100000001040000942F002093
:10D3B00000000000C406002004030020010000005B
:10D3C000E40900200000000001000000E80900203E
:10D3D0000000000000000000A42F0020000000005A
:10D3E00000000000A82F0020000000000000000046
:10D3F000020000000000000002000000160107000B
:10D40000000000000000000000000000A009002053
:10D41000695000081CB6000800000000010400006C
:10D420001C0A00200CB60008D8010020C406002009
:10D4300001000000580A0020000000000100000068
:10D440005C0A00200000000000000000AC2F00205B
:10D450000000000000000000B02F002000000000CD
:10D460000B010400000000000000000000000000AC
:10D470002C0A00208D53000824B60008020000008A
:10D480000100000002000000010000000104000093
:10D49000B42F0020000000003C070020D80100202D
:10D4A000500200209C010020000000001402002017
:10D4B00001000000C80A0020000000000100000078
:10D4C000CC0A00200000000003000000D00A002069
:10D4D0000000000001000000DC0A00200000000045
:10D4E0000000000002000000000000000200000038
:10D4F0000301010000000000000000000000000027
:10D50000900A0020A14C00082CB600080100000081
:10D510000000000000000000010000000100000009
:10D52000010000000100000001040000100B0020B9
:10D530000100000001000000801300000100000055
:10D540000100000040040400000000000000000092
:10D55000000000008013000001040000640B0020A4
:10D5600001000000A02000000100000001000000F8
:10D570004004040000000000000000000000000063
:10D58000A020000001040000900B002000070020F4
:10D59000E02F0020C42F0020F02F0020980500204D
:10D5A00014300020F82F002024300020010000005B
:10D5B000BC0B0020C00B002001000000CC0B0020A1
:10D5C000D00B00200001C0A10E6FA00500000000DC
:10D5D000000000000000000000000000000000004B
:10D5E000DECAFAA100000100740B00200000010057
:10D5F000A00B002002000000DC0B0020200B00200C
:10D60000000000000000000000000000000000001A
:10D6100001000000A0200000010000000100000047
:10D6200040040400000000000000000000000000B2
:10D63000A020000001040000400C002001000000B8
:10D6400080130000010000000100000040040400FD
:10D6500040B6000800000000000000008013000039
:10D66000010400006C0C002000000000030000001A
:10D6700034300020A80C00200000000034300020CE
:10D680009C30002004310020000000000000000059
:10D69000000000000000000000000000000000008A
:10D6A000000000000000000000000000000000007A
:10D6B000000000000000000000000000000000006A
:04D6C0000000000066
:0400000508000F5D83
:00000001FF
